Gmt time,Open,High,Low,Close,Volume
15.12.2017 00:00:00.000,1.17745,1.18123,1.17488,1.17492,200470343750
16.12.2017 00:00:00.000,1.17492,1.17492,1.17492,1.17492,0
17.12.2017 00:00:00.000,1.17441,1.17509,1.17377,1.17432,8501299804.6875
18.12.2017 00:00:00.000,1.17432,1.18342,1.17420,1.17837,199837203125
19.12.2017 00:00:00.000,1.17837,1.18487,1.17764,1.18369,207806687500
20.12.2017 00:00:00.000,1.18368,1.19017,1.18289,1.18776,198896218750
21.12.2017 00:00:00.000,1.18776,1.18895,1.18493,1.18521,187995500000
22.12.2017 00:00:00.000,1.18521,1.18640,1.18169,1.18607,178403750000
23.12.2017 00:00:00.000,1.18607,1.18607,1.18607,1.18607,0
24.12.2017 00:00:00.000,1.18440,1.18515,1.18440,1.18505,198100006.1035
25.12.2017 00:00:00.000,1.18505,1.18766,1.18429,1.18710,9768089843.75
26.12.2017 00:00:00.000,1.18712,1.18787,1.18465,1.18571,105017757812.5
27.12.2017 00:00:00.000,1.18570,1.19102,1.18550,1.19002,180147875000
28.12.2017 00:00:00.000,1.19001,1.19589,1.18970,1.19394,175111265625
29.12.2017 00:00:00.000,1.19395,1.20254,1.19369,1.19985,171777125000
30.12.2017 00:00:00.000,1.19985,1.19985,1.19985,1.19985,0
31.12.2017 00:00:00.000,1.19985,1.19985,1.19985,1.19985,0
01.01.2018 00:00:00.000,1.20102,1.20166,1.20007,1.20106,8573219726.5625
02.01.2018 00:00:00.000,1.20105,1.20811,1.20078,1.20614,197155906250
03.01.2018 00:00:00.000,1.20614,1.20638,1.20011,1.20107,194931656250
04.01.2018 00:00:00.000,1.20108,1.20889,1.20044,1.20664,210213437500
05.01.2018 00:00:00.000,1.20663,1.20829,1.20205,1.20304,189702343750
06.01.2018 00:00:00.000,1.20304,1.20304,1.20304,1.20304,0
07.01.2018 00:00:00.000,1.20265,1.20389,1.20259,1.20370,5754060058.5938
08.01.2018 00:00:00.000,1.20371,1.20521,1.19560,1.19698,183382046875
09.01.2018 00:00:00.000,1.19698,1.19755,1.19156,1.19284,205626343750
10.01.2018 00:00:00.000,1.19282,1.20179,1.19231,1.19558,253338203125
11.01.2018 00:00:00.000,1.19557,1.20589,1.19291,1.20427,246792656250
12.01.2018 00:00:00.000,1.20427,1.22184,1.20401,1.21993,276488125000
13.01.2018 00:00:00.000,1.21993,1.21993,1.21993,1.21993,0
14.01.2018 00:00:00.000,1.21933,1.22117,1.21908,1.21919,7288700195.3125
15.01.2018 00:00:00.000,1.21920,1.22964,1.21876,1.22665,231018859375
16.01.2018 00:00:00.000,1.22666,1.22828,1.21952,1.22707,262608375000
17.01.2018 00:00:00.000,1.22707,1.23231,1.21650,1.21802,289569593750
18.01.2018 00:00:00.000,1.21804,1.22648,1.21734,1.22340,254020750000
19.01.2018 00:00:00.000,1.22340,1.22953,1.22145,1.22145,252174531250
20.01.2018 00:00:00.000,1.22145,1.22145,1.22145,1.22145,0
21.01.2018 00:00:00.000,1.22702,1.22726,1.22338,1.22560,9384160156.25
22.01.2018 00:00:00.000,1.22559,1.22670,1.22138,1.22562,233047953125
23.01.2018 00:00:00.000,1.22564,1.23152,1.22230,1.23086,257732125000
24.01.2018 00:00:00.000,1.23087,1.24149,1.22920,1.23923,296230281250
25.01.2018 00:00:00.000,1.23921,1.25373,1.23639,1.23914,367825875000
26.01.2018 00:00:00.000,1.23914,1.24936,1.23861,1.24283,317662375000
27.01.2018 00:00:00.000,1.24283,1.24283,1.24283,1.24283,0
28.01.2018 00:00:00.000,1.24232,1.24312,1.24128,1.24312,9490519531.25
29.01.2018 00:00:00.000,1.24311,1.24322,1.23367,1.23809,283885000000
30.01.2018 00:00:00.000,1.23810,1.24538,1.23350,1.24084,300948093750
31.01.2018 00:00:00.000,1.24084,1.24748,1.23868,1.24168,321338937500
01.02.2018 00:00:00.000,1.24168,1.25229,1.23854,1.25105,298223156250
02.02.2018 00:00:00.000,1.25107,1.25182,1.24092,1.24559,299589687500
03.02.2018 00:00:00.000,1.24559,1.24559,1.24559,1.24559,0
04.02.2018 00:00:00.000,1.24320,1.24547,1.24243,1.24462,13303750000
05.02.2018 00:00:00.000,1.24462,1.24748,1.23626,1.23666,319407343750
06.02.2018 00:00:00.000,1.23667,1.24343,1.23138,1.23803,414817156250
07.02.2018 00:00:00.000,1.23803,1.24055,1.22459,1.22700,316532562500
08.02.2018 00:00:00.000,1.22699,1.22948,1.22120,1.22606,366027218750
09.02.2018 00:00:00.000,1.22607,1.22873,1.22054,1.22510,320626812500
10.02.2018 00:00:00.000,1.22510,1.22510,1.22510,1.22510,0
11.02.2018 00:00:00.000,1.22483,1.22524,1.22418,1.22522,8102540039.0625
12.02.2018 00:00:00.000,1.22523,1.23071,1.22350,1.23004,246655703125
13.02.2018 00:00:00.000,1.23009,1.23710,1.22844,1.23536,257680156250
14.02.2018 00:00:00.000,1.23537,1.24695,1.22758,1.24681,301226312500
15.02.2018 00:00:00.000,1.24682,1.25103,1.24478,1.25027,289094156250
16.02.2018 00:00:00.000,1.25027,1.25553,1.23931,1.24041,285733031250
17.02.2018 00:00:00.000,1.24041,1.24041,1.24041,1.24041,0
18.02.2018 00:00:00.000,1.24015,1.24204,1.24014,1.24117,6402689941.4063
19.02.2018 00:00:00.000,1.24117,1.24349,1.23690,1.24002,193454453125
20.02.2018 00:00:00.000,1.24001,1.24106,1.23199,1.23353,266378281250
21.02.2018 00:00:00.000,1.23352,1.23598,1.22734,1.22804,280812531250
22.02.2018 00:00:00.000,1.22805,1.23520,1.22597,1.23256,262317406250
23.02.2018 00:00:00.000,1.23256,1.23316,1.22798,1.22937,219908937500
24.02.2018 00:00:00.000,1.22937,1.22937,1.22937,1.22937,0
25.02.2018 00:00:00.000,1.22928,1.22947,1.22809,1.22883,6659240234.375
26.02.2018 00:00:00.000,1.22883,1.23550,1.22776,1.23149,224911296875
27.02.2018 00:00:00.000,1.23149,1.23462,1.22216,1.22259,249965875000
28.02.2018 00:00:00.000,1.22258,1.22412,1.21878,1.21915,254894875000
01.03.2018 00:00:00.000,1.21915,1.22747,1.21546,1.22710,281951812500
02.03.2018 00:00:00.000,1.22709,1.23358,1.22514,1.23186,264913093750
03.03.2018 00:00:00.000,1.23186,1.23186,1.23186,1.23186,0
04.03.2018 00:00:00.000,1.23248,1.23641,1.22995,1.23176,17418119140.625
05.03.2018 00:00:00.000,1.23176,1.23487,1.22688,1.23365,247128578125
06.03.2018 00:00:00.000,1.23365,1.24287,1.23281,1.24155,250087625000
07.03.2018 00:00:00.000,1.24154,1.24450,1.23847,1.24122,269820531250
08.03.2018 00:00:00.000,1.24122,1.24460,1.22979,1.23067,270455468750
09.03.2018 00:00:00.000,1.23070,1.23342,1.22730,1.23041,264422687500
10.03.2018 00:00:00.000,1.23041,1.23041,1.23041,1.23041,0
11.03.2018 00:00:00.000,1.23094,1.23133,1.23060,1.23084,8653860351.5625
12.03.2018 00:00:00.000,1.23083,1.23455,1.22903,1.23384,205139671875
13.03.2018 00:00:00.000,1.23383,1.24074,1.23145,1.23928,249276171875
14.03.2018 00:00:00.000,1.23928,1.24125,1.23471,1.23747,220999625000
15.03.2018 00:00:00.000,1.23746,1.23836,1.23001,1.23062,225221703125
16.03.2018 00:00:00.000,1.23061,1.23360,1.22602,1.22889,196011375000
17.03.2018 00:00:00.000,1.22889,1.22889,1.22889,1.22889,0
18.03.2018 00:00:00.000,1.22817,1.22919,1.22799,1.22807,7730919921.875
19.03.2018 00:00:00.000,1.22807,1.23586,1.22579,1.23365,229503281250
20.03.2018 00:00:00.000,1.23365,1.23545,1.22399,1.22482,237447984375
21.03.2018 00:00:00.000,1.22483,1.23499,1.22467,1.23463,260896953125
22.03.2018 00:00:00.000,1.23464,1.23884,1.22855,1.23239,287729218750
23.03.2018 00:00:00.000,1.23239,1.23733,1.23166,1.23522,250785890625
24.03.2018 00:00:00.000,1.23522,1.23522,1.23522,1.23522,0
25.03.2018 00:00:00.000,1.23470,1.23673,1.23470,1.23541,8129810058.5938
26.03.2018 00:00:00.000,1.23541,1.24615,1.23517,1.24572,266398968750
27.03.2018 00:00:00.000,1.24570,1.24765,1.23723,1.24087,311755937500
28.03.2018 00:00:00.000,1.24086,1.24215,1.23001,1.23125,268466781250
29.03.2018 00:00:00.000,1.23124,1.23352,1.22838,1.23018,243556140625
30.03.2018 00:00:00.000,1.23018,1.23305,1.22898,1.23200,76608218750
31.03.2018 00:00:00.000,1.23200,1.23200,1.23200,1.23200,0
01.04.2018 00:00:00.000,1.23199,1.23230,1.23124,1.23125,7856410156.25
02.04.2018 00:00:00.000,1.23127,1.23449,1.22820,1.22931,156721078125
03.04.2018 00:00:00.000,1.22931,1.23352,1.22537,1.22781,226872312500
04.04.2018 00:00:00.000,1.22781,1.23145,1.22570,1.22872,233257359375
05.04.2018 00:00:00.000,1.22873,1.22901,1.22182,1.22485,230162875000
06.04.2018 00:00:00.000,1.22489,1.22907,1.22151,1.22792,264556125000
07.04.2018 00:00:00.000,1.22792,1.22792,1.22792,1.22792,0
08.04.2018 00:00:00.000,1.22824,1.22833,1.22656,1.22709,9185650390.625
09.04.2018 00:00:00.000,1.22709,1.23308,1.22602,1.23206,246667265625
10.04.2018 00:00:00.000,1.23206,1.23776,1.23027,1.23627,265899437500
11.04.2018 00:00:00.000,1.23627,1.23964,1.23470,1.23719,301237125000
12.04.2018 00:00:00.000,1.23719,1.23797,1.22993,1.23295,245799343750
13.04.2018 00:00:00.000,1.23293,1.23458,1.23070,1.23282,206969562500
14.04.2018 00:00:00.000,1.23282,1.23282,1.23282,1.23282,0
15.04.2018 00:00:00.000,1.23278,1.23366,1.23231,1.23316,6422259765.625
16.04.2018 00:00:00.000,1.23316,1.23945,1.23242,1.23837,214910328125
17.04.2018 00:00:00.000,1.23837,1.24136,1.23362,1.23724,219237312500
18.04.2018 00:00:00.000,1.23724,1.23971,1.23418,1.23785,233803531250
19.04.2018 00:00:00.000,1.23786,1.24001,1.23290,1.23430,237982718750
20.04.2018 00:00:00.000,1.23430,1.23529,1.22499,1.22846,205993062500
21.04.2018 00:00:00.000,1.22846,1.22846,1.22846,1.22846,0
22.04.2018 00:00:00.000,1.22699,1.22880,1.22699,1.22737,10516450195.3125
23.04.2018 00:00:00.000,1.22738,1.22894,1.21977,1.22092,244260421875
24.04.2018 00:00:00.000,1.22094,1.22448,1.21817,1.22372,225410968750
25.04.2018 00:00:00.000,1.22372,1.22372,1.21599,1.21706,230369812500
26.04.2018 00:00:00.000,1.21707,1.22099,1.20962,1.21081,255335218750
27.04.2018 00:00:00.000,1.21081,1.21327,1.20556,1.21291,209457437500
28.04.2018 00:00:00.000,1.21291,1.21291,1.21291,1.21291,0
29.04.2018 00:00:00.000,1.21224,1.21290,1.21188,1.21226,8343540039.0625
30.04.2018 00:00:00.000,1.21226,1.21386,1.20643,1.20815,230675359375
01.05.2018 00:00:00.000,1.20815,1.20828,1.19814,1.19910,208487781250
02.05.2018 00:00:00.000,1.19912,1.20316,1.19378,1.19504,272080218750
03.05.2018 00:00:00.000,1.19504,1.20087,1.19479,1.19886,262257218750
04.05.2018 00:00:00.000,1.19886,1.19954,1.19107,1.19550,207802218750
05.05.2018 00:00:00.000,1.19550,1.19550,1.19550,1.19550,0
06.05.2018 00:00:00.000,1.19557,1.19640,1.19545,1.19545,6517229980.4688
07.05.2018 00:00:00.000,1.19544,1.19779,1.18975,1.19331,200538609375
08.05.2018 00:00:00.000,1.19331,1.19387,1.18380,1.18671,238088828125
09.05.2018 00:00:00.000,1.18673,1.18969,1.18227,1.18467,239571156250
10.05.2018 00:00:00.000,1.18465,1.19463,1.18440,1.19137,264411625000
11.05.2018 00:00:00.000,1.19137,1.19678,1.18911,1.19395,216401953125
12.05.2018 00:00:00.000,1.19395,1.19395,1.19395,1.19395,0
13.05.2018 00:00:00.000,1.19385,1.19555,1.19379,1.19524,9086370117.1875
14.05.2018 00:00:00.000,1.19524,1.19959,1.19231,1.19309,247308500000
15.05.2018 00:00:00.000,1.19310,1.19384,1.18168,1.18203,259227843750
16.05.2018 00:00:00.000,1.18205,1.18541,1.17635,1.18146,278499781250
17.05.2018 00:00:00.000,1.18146,1.18373,1.17765,1.17900,297010250000
18.05.2018 00:00:00.000,1.17900,1.18221,1.17498,1.17689,228028890625
19.05.2018 00:00:00.000,1.17689,1.17689,1.17689,1.17689,0
20.05.2018 00:00:00.000,1.17684,1.17756,1.17603,1.17651,10193610351.5625
21.05.2018 00:00:00.000,1.17651,1.17973,1.17165,1.17899,229934437500
22.05.2018 00:00:00.000,1.17899,1.18296,1.17567,1.17878,255255812500
23.05.2018 00:00:00.000,1.17880,1.17889,1.16758,1.17091,311289125000
24.05.2018 00:00:00.000,1.17092,1.17501,1.16906,1.17219,284713187500
25.05.2018 00:00:00.000,1.17220,1.17335,1.16455,1.16478,257274125000
26.05.2018 00:00:00.000,1.16478,1.16478,1.16478,1.16478,0
27.05.2018 00:00:00.000,1.16862,1.16920,1.16758,1.16884,14555719726.5625
28.05.2018 00:00:00.000,1.16886,1.17283,1.16073,1.16261,208792656250
29.05.2018 00:00:00.000,1.16264,1.16394,1.15099,1.15375,333584156250
30.05.2018 00:00:00.000,1.15375,1.16759,1.15186,1.16646,317803593750
31.05.2018 00:00:00.000,1.16646,1.17243,1.16410,1.16922,288710687500
01.06.2018 00:00:00.000,1.16922,1.17178,1.16170,1.16584,260814921875
02.06.2018 00:00:00.000,1.16584,1.16584,1.16584,1.16584,0
03.06.2018 00:00:00.000,1.16561,1.16689,1.16561,1.16672,6526259765.625
04.06.2018 00:00:00.000,1.16670,1.17444,1.16670,1.17000,244045484375
05.06.2018 00:00:00.000,1.17000,1.17324,1.16525,1.17261,255717203125
06.06.2018 00:00:00.000,1.17263,1.17956,1.17139,1.17813,245152484375
07.06.2018 00:00:00.000,1.17812,1.18398,1.17810,1.17931,247115453125
08.06.2018 00:00:00.000,1.17931,1.18103,1.17271,1.17666,236194875000
09.06.2018 00:00:00.000,1.17666,1.17666,1.17666,1.17666,0
10.06.2018 00:00:00.000,1.17736,1.17857,1.17710,1.17845,6645120117.1875
11.06.2018 00:00:00.000,1.17845,1.18205,1.17715,1.17725,207873406250
12.06.2018 00:00:00.000,1.17726,1.18088,1.17334,1.17475,236702718750
13.06.2018 00:00:00.000,1.17475,1.18047,1.17254,1.18032,240726734375
14.06.2018 00:00:00.000,1.18030,1.18516,1.15607,1.15633,288776281250
15.06.2018 00:00:00.000,1.15629,1.16269,1.15432,1.16059,249091203125
16.06.2018 00:00:00.000,1.16059,1.16059,1.16059,1.16059,0
17.06.2018 00:00:00.000,1.15874,1.16020,1.15860,1.15930,8992429687.5
18.06.2018 00:00:00.000,1.15930,1.16410,1.15653,1.16298,215886421875
19.06.2018 00:00:00.000,1.16297,1.16445,1.15307,1.15881,273936468750
20.06.2018 00:00:00.000,1.15882,1.15999,1.15365,1.15773,246503859375
21.06.2018 00:00:00.000,1.15774,1.16334,1.15082,1.16043,289165093750
22.06.2018 00:00:00.000,1.16043,1.16749,1.16005,1.16561,251501296875
23.06.2018 00:00:00.000,1.16561,1.16561,1.16561,1.16561,0
24.06.2018 00:00:00.000,1.16622,1.16728,1.16577,1.16600,13863450195.3125
25.06.2018 00:00:00.000,1.16603,1.17130,1.16286,1.17009,262553406250
26.06.2018 00:00:00.000,1.17009,1.17203,1.16348,1.16493,284540062500
27.06.2018 00:00:00.000,1.16493,1.16720,1.15407,1.15629,334885437500
28.06.2018 00:00:00.000,1.15628,1.16005,1.15271,1.15634,288569000000
29.06.2018 00:00:00.000,1.15634,1.16902,1.15632,1.16847,286305250000
30.06.2018 00:00:00.000,1.16847,1.16847,1.16847,1.16847,0
01.07.2018 00:00:00.000,1.16747,1.16900,1.16616,1.16786,16543699218.75
02.07.2018 00:00:00.000,1.16778,1.16789,1.15911,1.16415,242756453125
03.07.2018 00:00:00.000,1.16413,1.16731,1.16204,1.16589,248250296875
04.07.2018 00:00:00.000,1.16587,1.16817,1.16305,1.16601,194700093750
05.07.2018 00:00:00.000,1.16602,1.17201,1.16500,1.16918,265512718750
06.07.2018 00:00:00.000,1.16919,1.17676,1.16800,1.17444,231725015625
07.07.2018 00:00:00.000,1.17444,1.17444,1.17444,1.17444,0
08.07.2018 00:00:00.000,1.17392,1.17541,1.17387,1.17517,12503080078.125
09.07.2018 00:00:00.000,1.17514,1.17906,1.17326,1.17560,238514062500
10.07.2018 00:00:00.000,1.17560,1.17624,1.16901,1.17279,240910984375
11.07.2018 00:00:00.000,1.17279,1.17580,1.16653,1.16749,280838218750
12.07.2018 00:00:00.000,1.16749,1.16955,1.16497,1.16638,245254656250
13.07.2018 00:00:00.000,1.16637,1.16868,1.16129,1.16843,229295906250
14.07.2018 00:00:00.000,1.16843,1.16843,1.16843,1.16843,0
15.07.2018 00:00:00.000,1.16896,1.16912,1.16770,1.16783,8986740234.375
16.07.2018 00:00:00.000,1.16783,1.17253,1.16756,1.17090,234071250000
17.07.2018 00:00:00.000,1.17090,1.17446,1.16484,1.16530,266361687500
18.07.2018 00:00:00.000,1.16536,1.16648,1.16019,1.16449,258028437500
19.07.2018 00:00:00.000,1.16449,1.16785,1.15748,1.16544,313041281250
20.07.2018 00:00:00.000,1.16547,1.17387,1.16262,1.17196,306314656250
21.07.2018 00:00:00.000,1.17196,1.17196,1.17196,1.17196,0
22.07.2018 00:00:00.000,1.17252,1.17453,1.17233,1.17403,13401230468.75
23.07.2018 00:00:00.000,1.17404,1.17497,1.16836,1.16934,247690500000
24.07.2018 00:00:00.000,1.16934,1.17168,1.16545,1.16845,247134812500
25.07.2018 00:00:00.000,1.16846,1.17387,1.16640,1.17379,260995296875
26.07.2018 00:00:00.000,1.17379,1.17436,1.16379,1.16437,254430953125
27.07.2018 00:00:00.000,1.16436,1.16642,1.16203,1.16559,215431625000
28.07.2018 00:00:00.000,1.16559,1.16559,1.16559,1.16559,0
29.07.2018 00:00:00.000,1.16561,1.16604,1.16525,1.16591,7267500000
30.07.2018 00:00:00.000,1.16591,1.17186,1.16479,1.17071,194144953125
31.07.2018 00:00:00.000,1.17071,1.17458,1.16838,1.16890,229884968750
01.08.2018 00:00:00.000,1.16890,1.16994,1.16572,1.16631,229051593750
02.08.2018 00:00:00.000,1.16632,1.16675,1.15816,1.15850,229159437500
03.08.2018 00:00:00.000,1.15851,1.16105,1.15603,1.15670,233864812500
04.08.2018 00:00:00.000,1.15670,1.15670,1.15670,1.15670,0
05.08.2018 00:00:00.000,1.15663,1.15705,1.15601,1.15615,9090089843.75
06.08.2018 00:00:00.000,1.15615,1.15702,1.15300,1.15579,205637125000
07.08.2018 00:00:00.000,1.15580,1.16082,1.15515,1.16029,208332015625
08.08.2018 00:00:00.000,1.16029,1.16281,1.15732,1.16092,205556906250
09.08.2018 00:00:00.000,1.16092,1.16192,1.15162,1.15240,227591140625
10.08.2018 00:00:00.000,1.15239,1.15363,1.13881,1.14090,287052187500
11.08.2018 00:00:00.000,1.14090,1.14090,1.14090,1.14090,0
12.08.2018 00:00:00.000,1.13710,1.14115,1.13708,1.13946,14119980468.75
13.08.2018 00:00:00.000,1.13948,1.14328,1.13649,1.14004,266613343750
14.08.2018 00:00:00.000,1.14004,1.14294,1.13302,1.13466,256380906250
15.08.2018 00:00:00.000,1.13466,1.13548,1.13009,1.13416,246675187500
16.08.2018 00:00:00.000,1.13416,1.14091,1.13357,1.13718,244651734375
17.08.2018 00:00:00.000,1.13719,1.14448,1.13663,1.14379,205910875000
18.08.2018 00:00:00.000,1.14379,1.14379,1.14379,1.14379,0
19.08.2018 00:00:00.000,1.14371,1.14399,1.14353,1.14378,6480640136.7188
20.08.2018 00:00:00.000,1.14379,1.14931,1.13942,1.14918,221939250000
21.08.2018 00:00:00.000,1.14918,1.16011,1.14854,1.15759,262909375000
22.08.2018 00:00:00.000,1.15761,1.16229,1.15531,1.15857,228376812500
23.08.2018 00:00:00.000,1.15857,1.15906,1.15298,1.15419,228104281250
24.08.2018 00:00:00.000,1.15419,1.16397,1.15381,1.16205,225871765625
25.08.2018 00:00:00.000,1.16205,1.16205,1.16205,1.16205,0
26.08.2018 00:00:00.000,1.16141,1.16534,1.16140,1.16451,8815769531.25
27.08.2018 00:00:00.000,1.16450,1.16935,1.15943,1.16840,204865937500
28.08.2018 00:00:00.000,1.16842,1.17334,1.16625,1.16932,237164062500
29.08.2018 00:00:00.000,1.16932,1.17106,1.16520,1.17093,235416109375
30.08.2018 00:00:00.000,1.17094,1.17181,1.16417,1.16654,238798734375
31.08.2018 00:00:00.000,1.16654,1.16901,1.15845,1.15997,234403453125
01.09.2018 00:00:00.000,1.15997,1.15997,1.15997,1.15997,0
02.09.2018 00:00:00.000,1.15961,1.16037,1.15926,1.15980,7132979980.4688
03.09.2018 00:00:00.000,1.15979,1.16278,1.15889,1.16138,163896625000
04.09.2018 00:00:00.000,1.16139,1.16141,1.15301,1.15871,219100593750
05.09.2018 00:00:00.000,1.15872,1.16400,1.15425,1.16344,260146546875
06.09.2018 00:00:00.000,1.16346,1.16592,1.16055,1.16198,233894796875
07.09.2018 00:00:00.000,1.16200,1.16495,1.15506,1.15520,231931562500
08.09.2018 00:00:00.000,1.15520,1.15520,1.15520,1.15520,0
09.09.2018 00:00:00.000,1.15483,1.15608,1.15474,1.15607,6051750000
10.09.2018 00:00:00.000,1.15605,1.16161,1.15260,1.15935,195406750000
11.09.2018 00:00:00.000,1.15935,1.16441,1.15654,1.15955,211081375000
12.09.2018 00:00:00.000,1.15954,1.16496,1.15699,1.16253,231822671875
13.09.2018 00:00:00.000,1.16253,1.17009,1.16091,1.16911,222189734375
14.09.2018 00:00:00.000,1.16912,1.17215,1.16206,1.16227,205084937500
15.09.2018 00:00:00.000,1.16227,1.16227,1.16227,1.16227,0
16.09.2018 00:00:00.000,1.16223,1.16322,1.16219,1.16234,6214109863.2813
17.09.2018 00:00:00.000,1.16234,1.16981,1.16180,1.16685,187743171875
18.09.2018 00:00:00.000,1.16686,1.17243,1.16521,1.16775,225014812500
19.09.2018 00:00:00.000,1.16777,1.17149,1.16500,1.16740,228799500000
20.09.2018 00:00:00.000,1.16738,1.17845,1.16719,1.17755,241614125000
21.09.2018 00:00:00.000,1.17756,1.18027,1.17327,1.17473,199892343750
22.09.2018 00:00:00.000,1.17473,1.17473,1.17473,1.17473,0
23.09.2018 00:00:00.000,1.17432,1.17522,1.17378,1.17485,7622450195.3125
24.09.2018 00:00:00.000,1.17483,1.18153,1.17241,1.17523,203649250000
25.09.2018 00:00:00.000,1.17525,1.17925,1.17310,1.17628,210535343750
26.09.2018 00:00:00.000,1.17629,1.17976,1.17259,1.17469,215615593750
27.09.2018 00:00:00.000,1.17469,1.17571,1.16331,1.16360,269085468750
28.09.2018 00:00:00.000,1.16360,1.16511,1.15698,1.16019,223588296875
29.09.2018 00:00:00.000,1.16019,1.16019,1.16019,1.16019,0
30.09.2018 00:00:00.000,1.16171,1.16173,1.16028,1.16052,6585479980.4688
01.10.2018 00:00:00.000,1.16052,1.16246,1.15635,1.15769,203564406250
02.10.2018 00:00:00.000,1.15770,1.15802,1.15052,1.15503,242329281250
03.10.2018 00:00:00.000,1.15503,1.15936,1.14645,1.14764,263688812500
04.10.2018 00:00:00.000,1.14765,1.15426,1.14633,1.15173,230818875000
05.10.2018 00:00:00.000,1.15173,1.15495,1.14838,1.15174,225535156250
06.10.2018 00:00:00.000,1.15174,1.15174,1.15174,1.15174,0
07.10.2018 00:00:00.000,1.15210,1.15275,1.15197,1.15238,7581410156.25
08.10.2018 00:00:00.000,1.15238,1.15296,1.14599,1.14941,186998593750
09.10.2018 00:00:00.000,1.14941,1.15087,1.14321,1.15046,256529218750
10.10.2018 00:00:00.000,1.15046,1.15452,1.14798,1.15330,238184187500
11.10.2018 00:00:00.000,1.15330,1.15994,1.15311,1.15900,290556968750
12.10.2018 00:00:00.000,1.15899,1.16104,1.15343,1.15571,228332937500
13.10.2018 00:00:00.000,1.15571,1.15571,1.15571,1.15571,0
14.10.2018 00:00:00.000,1.15372,1.15534,1.15369,1.15504,9901030273.4375
15.10.2018 00:00:00.000,1.15505,1.16061,1.15430,1.15828,213659906250
16.10.2018 00:00:00.000,1.15828,1.16212,1.15660,1.15762,216750812500
17.10.2018 00:00:00.000,1.15763,1.15803,1.14953,1.15011,242886656250
18.10.2018 00:00:00.000,1.15012,1.15272,1.14492,1.14539,249737812500
19.10.2018 00:00:00.000,1.14539,1.15345,1.14331,1.15142,240374906250
20.10.2018 00:00:00.000,1.15142,1.15142,1.15142,1.15142,0
21.10.2018 00:00:00.000,1.15149,1.15179,1.15084,1.15105,8602629882.8125
22.10.2018 00:00:00.000,1.15106,1.15501,1.14557,1.14646,223824750000
23.10.2018 00:00:00.000,1.14646,1.14934,1.14392,1.14706,261417046875
24.10.2018 00:00:00.000,1.14706,1.14766,1.13789,1.13988,259360062500
25.10.2018 00:00:00.000,1.13987,1.14326,1.13561,1.13753,246924375000
26.10.2018 00:00:00.000,1.13753,1.14209,1.13355,1.14021,257994203125
27.10.2018 00:00:00.000,1.14021,1.14021,1.14021,1.14021,0
28.10.2018 00:00:00.000,1.13921,1.14038,1.13921,1.13980,7206649902.3438
29.10.2018 00:00:00.000,1.13980,1.14163,1.13606,1.13755,244321546875
30.10.2018 00:00:00.000,1.13756,1.13877,1.13404,1.13453,216733781250
31.10.2018 00:00:00.000,1.13452,1.13601,1.13020,1.13145,238968734375
01.11.2018 00:00:00.000,1.13146,1.14241,1.13126,1.14027,256706609375
02.11.2018 00:00:00.000,1.14028,1.14557,1.13722,1.13860,231809250000
03.11.2018 00:00:00.000,1.13860,1.13860,1.13860,1.13860,0
04.11.2018 00:00:00.000,1.13863,1.13993,1.13862,1.13976,10993589843.75
05.11.2018 00:00:00.000,1.13975,1.14239,1.13530,1.14083,214827937500
06.11.2018 00:00:00.000,1.14083,1.14417,1.13913,1.14410,227445921875
07.11.2018 00:00:00.000,1.14410,1.14995,1.13947,1.14325,299458562500
08.11.2018 00:00:00.000,1.14325,1.14465,1.13515,1.13679,253817375000
09.11.2018 00:00:00.000,1.13678,1.13689,1.13161,1.13342,240480625000
10.11.2018 00:00:00.000,1.13342,1.13342,1.13342,1.13342,0
11.11.2018 00:00:00.000,1.13182,1.13285,1.13137,1.13237,11790200195.3125
12.11.2018 00:00:00.000,1.13239,1.13305,1.12156,1.12235,236134625000
13.11.2018 00:00:00.000,1.12235,1.13212,1.12218,1.13109,343142906250
14.11.2018 00:00:00.000,1.13111,1.13475,1.12632,1.13121,291523062500
15.11.2018 00:00:00.000,1.13121,1.13622,1.12705,1.13243,291819593750
16.11.2018 00:00:00.000,1.13244,1.14202,1.13216,1.14185,245949234375
17.11.2018 00:00:00.000,1.14185,1.14185,1.14185,1.14185,0
18.11.2018 00:00:00.000,1.14133,1.14211,1.14061,1.14136,10798530273.4375
19.11.2018 00:00:00.000,1.14135,1.14644,1.13938,1.14540,204704437500
20.11.2018 00:00:00.000,1.14540,1.14723,1.13587,1.13721,239103984375
21.11.2018 00:00:00.000,1.13720,1.14245,1.13656,1.13884,234284062500
22.11.2018 00:00:00.000,1.13885,1.14340,1.13853,1.14026,170538890625
23.11.2018 00:00:00.000,1.14027,1.14209,1.13275,1.13355,336333593750
24.11.2018 00:00:00.000,1.13355,1.13355,1.13355,1.13355,0
25.11.2018 00:00:00.000,1.13401,1.13407,1.13305,1.13374,9716540039.0625
26.11.2018 00:00:00.000,1.13374,1.13837,1.13250,1.13331,228041953125
27.11.2018 00:00:00.000,1.13331,1.13436,1.12775,1.12969,245549265625
28.11.2018 00:00:00.000,1.12970,1.13875,1.12671,1.13674,266362718750
29.11.2018 00:00:00.000,1.13674,1.14016,1.13486,1.13924,264739718750
30.11.2018 00:00:00.000,1.13924,1.14003,1.13054,1.13164,252452734375
01.12.2018 00:00:00.000,1.13164,1.13164,1.13164,1.13164,0
02.12.2018 00:00:00.000,1.13499,1.13502,1.13282,1.13421,11397259765.625
03.12.2018 00:00:00.000,1.13422,1.13796,1.13192,1.13541,243990203125
04.12.2018 00:00:00.000,1.13541,1.14187,1.13185,1.13424,284073937500
05.12.2018 00:00:00.000,1.13425,1.13612,1.13107,1.13487,197094843750
06.12.2018 00:00:00.000,1.13487,1.14123,1.13209,1.13758,280059156250
07.12.2018 00:00:00.000,1.13758,1.14235,1.13603,1.13758,242705187500
08.12.2018 00:00:00.000,1.13758,1.13758,1.13758,1.13758,0
09.12.2018 00:00:00.000,1.13909,1.14067,1.13906,1.13995,9642330078.125
10.12.2018 00:00:00.000,1.13996,1.14426,1.13504,1.13558,256937578125
11.12.2018 00:00:00.000,1.13559,1.14002,1.13062,1.13216,261593609375
12.12.2018 00:00:00.000,1.13215,1.13872,1.13148,1.13725,264787656250
13.12.2018 00:00:00.000,1.13725,1.13932,1.13310,1.13630,251050250000
14.12.2018 00:00:00.000,1.13630,1.13649,1.12699,1.13045,255950843750
15.12.2018 00:00:00.000,1.13045,1.13045,1.13045,1.13045,0
16.12.2018 00:00:00.000,1.13008,1.13083,1.12967,1.13041,12067700195.3125
17.12.2018 00:00:00.000,1.13043,1.13577,1.13027,1.13493,213611750000
18.12.2018 00:00:00.000,1.13495,1.14022,1.13366,1.13758,250202437500
19.12.2018 00:00:00.000,1.13756,1.14392,1.13643,1.13865,396079875000
20.12.2018 00:00:00.000,1.13865,1.14859,1.13771,1.14565,521394281250
21.12.2018 00:00:00.000,1.14566,1.14739,1.13559,1.13684,457889437500
22.12.2018 00:00:00.000,1.13684,1.13684,1.13684,1.13684,0
23.12.2018 00:00:00.000,1.13692,1.13738,1.13604,1.13723,9257120117.1875
24.12.2018 00:00:00.000,1.13723,1.14384,1.13705,1.13995,364501906250
25.12.2018 00:00:00.000,1.13998,1.14198,1.13892,1.14131,19137880859.375
26.12.2018 00:00:00.000,1.14132,1.14163,1.13428,1.13601,261304718750
27.12.2018 00:00:00.000,1.13602,1.14540,1.13580,1.14304,556935812500
28.12.2018 00:00:00.000,1.14306,1.14727,1.14299,1.14414,444843937500
29.12.2018 00:00:00.000,1.14414,1.14414,1.14414,1.14414,0
30.12.2018 00:00:00.000,1.14331,1.14406,1.14331,1.14389,9853809570.3125
31.12.2018 00:00:00.000,1.14389,1.14674,1.14213,1.14627,306212968750
01.01.2019 00:00:00.000,1.14598,1.14676,1.14566,1.14612,11818900390.625
02.01.2019 00:00:00.000,1.14612,1.14967,1.13092,1.13121,455444656250
03.01.2019 00:00:00.000,1.13122,1.14110,1.13099,1.13899,494514187500
04.01.2019 00:00:00.000,1.13901,1.14189,1.13456,1.13943,403754375000
05.01.2019 00:00:00.000,1.13943,1.13943,1.13943,1.13943,0
06.01.2019 00:00:00.000,1.13955,1.14129,1.13954,1.14102,12460950195.3125
07.01.2019 00:00:00.000,1.14102,1.14826,1.14046,1.14789,362818625000
08.01.2019 00:00:00.000,1.14790,1.14844,1.14222,1.14572,373028312500
09.01.2019 00:00:00.000,1.14573,1.15578,1.14389,1.15541,464484843750
10.01.2019 00:00:00.000,1.15541,1.15697,1.14844,1.15081,501643218750
11.01.2019 00:00:00.000,1.15082,1.15403,1.14580,1.14656,369059281250
12.01.2019 00:00:00.000,1.14656,1.14656,1.14656,1.14656,0
13.01.2019 00:00:00.000,1.14589,1.14685,1.14583,1.14597,8476820312.5
14.01.2019 00:00:00.000,1.14598,1.14820,1.14506,1.14726,347342125000
15.01.2019 00:00:00.000,1.14727,1.14896,1.13819,1.14141,427916250000
16.01.2019 00:00:00.000,1.14140,1.14248,1.13777,1.13994,373027375000
17.01.2019 00:00:00.000,1.13994,1.14059,1.13700,1.13920,380918000000
18.01.2019 00:00:00.000,1.13920,1.14103,1.13532,1.13614,383249312500
19.01.2019 00:00:00.000,1.13614,1.13614,1.13614,1.13614,0
20.01.2019 00:00:00.000,1.13603,1.13680,1.13602,1.13650,7081870117.1875
21.01.2019 00:00:00.000,1.13651,1.13910,1.13567,1.13688,237382046875
22.01.2019 00:00:00.000,1.13687,1.13739,1.13361,1.13633,365964562500
23.01.2019 00:00:00.000,1.13634,1.13942,1.13505,1.13861,378517625000
24.01.2019 00:00:00.000,1.13861,1.13913,1.12892,1.13126,436798062500
25.01.2019 00:00:00.000,1.13127,1.14176,1.13049,1.14032,421710468750
26.01.2019 00:00:00.000,1.14032,1.14032,1.14032,1.14032,0
27.01.2019 00:00:00.000,1.14005,1.14134,1.14004,1.14127,7595100097.6563
28.01.2019 00:00:00.000,1.14127,1.14436,1.13900,1.14294,354877875000
29.01.2019 00:00:00.000,1.14295,1.14501,1.14111,1.14348,424913437500
30.01.2019 00:00:00.000,1.14348,1.15016,1.14062,1.14853,431876781250
31.01.2019 00:00:00.000,1.14852,1.15141,1.14356,1.14482,477127375000
01.02.2019 00:00:00.000,1.14482,1.14884,1.14343,1.14547,398191531250
02.02.2019 00:00:00.000,1.14547,1.14547,1.14547,1.14547,0
03.02.2019 00:00:00.000,1.14503,1.14581,1.14503,1.14543,6497220214.8438
04.02.2019 00:00:00.000,1.14543,1.14603,1.14244,1.14349,367141968750
05.02.2019 00:00:00.000,1.14348,1.14404,1.14011,1.14087,331771968750
06.02.2019 00:00:00.000,1.14087,1.14091,1.13608,1.13656,350166093750
07.02.2019 00:00:00.000,1.13655,1.13675,1.13244,1.13382,375756250000
08.02.2019 00:00:00.000,1.13382,1.13508,1.13207,1.13207,330732812500
09.02.2019 00:00:00.000,1.13207,1.13207,1.13207,1.13207,0
10.02.2019 00:00:00.000,1.13186,1.13248,1.13148,1.13237,8475740234.375
11.02.2019 00:00:00.000,1.13239,1.13298,1.12672,1.12785,378811625000
12.02.2019 00:00:00.000,1.12785,1.13396,1.12577,1.13336,404102656250
13.02.2019 00:00:00.000,1.13336,1.13414,1.12490,1.12646,380532406250
14.02.2019 00:00:00.000,1.12646,1.13098,1.12498,1.12947,416725562500
15.02.2019 00:00:00.000,1.12946,1.13061,1.12340,1.12925,428528343750
16.02.2019 00:00:00.000,1.12925,1.12925,1.12925,1.12925,0
17.02.2019 00:00:00.000,1.12906,1.12959,1.12889,1.12948,8065100097.6563
18.02.2019 00:00:00.000,1.12948,1.13338,1.12937,1.13114,264432375000
19.02.2019 00:00:00.000,1.13115,1.13574,1.12755,1.13399,408625031250
20.02.2019 00:00:00.000,1.13399,1.13711,1.13249,1.13461,393154500000
21.02.2019 00:00:00.000,1.13461,1.13663,1.13202,1.13398,444394718750
22.02.2019 00:00:00.000,1.13399,1.13556,1.13161,1.13319,385471656250
23.02.2019 00:00:00.000,1.13319,1.13319,1.13319,1.13319,0
24.02.2019 00:00:00.000,1.13340,1.13421,1.13281,1.13420,10788870117.1875
25.02.2019 00:00:00.000,1.13421,1.13675,1.13367,1.13647,368447750000
26.02.2019 00:00:00.000,1.13647,1.14027,1.13450,1.13930,417596312500
27.02.2019 00:00:00.000,1.13931,1.14036,1.13622,1.13795,422988343750
28.02.2019 00:00:00.000,1.13796,1.14197,1.13595,1.13730,457608468750
01.03.2019 00:00:00.000,1.13731,1.14085,1.13533,1.13633,405553750000
02.03.2019 00:00:00.000,1.13633,1.13633,1.13633,1.13633,0
03.03.2019 00:00:00.000,1.13811,1.13826,1.13722,1.13749,10698120117.1875
04.03.2019 00:00:00.000,1.13749,1.13750,1.13090,1.13362,406415656250
05.03.2019 00:00:00.000,1.13363,1.13384,1.12895,1.13060,394725250000
06.03.2019 00:00:00.000,1.13059,1.13245,1.12855,1.13129,322848125000
07.03.2019 00:00:00.000,1.13130,1.13202,1.11764,1.11980,390830406250
08.03.2019 00:00:00.000,1.11980,1.12461,1.11852,1.12311,374351000000
09.03.2019 00:00:00.000,1.12311,1.12311,1.12311,1.12311,0
10.03.2019 00:00:00.000,1.12316,1.12374,1.12304,1.12315,7755259765.625
11.03.2019 00:00:00.000,1.12315,1.12738,1.12217,1.12591,323944156250
12.03.2019 00:00:00.000,1.12590,1.13049,1.12492,1.12865,320871937500
13.03.2019 00:00:00.000,1.12864,1.13385,1.12773,1.13303,305061062500
14.03.2019 00:00:00.000,1.13304,1.13361,1.12940,1.13064,328504875000
15.03.2019 00:00:00.000,1.13066,1.13443,1.13000,1.13240,289446968750
16.03.2019 00:00:00.000,1.13240,1.13240,1.13240,1.13240,0
17.03.2019 00:00:00.000,1.13201,1.13277,1.13189,1.13192,6321370117.1875
18.03.2019 00:00:00.000,1.13193,1.13589,1.13192,1.13360,256610218750
19.03.2019 00:00:00.000,1.13360,1.13615,1.13336,1.13542,272290750000
20.03.2019 00:00:00.000,1.13543,1.14480,1.13354,1.14284,367710750000
21.03.2019 00:00:00.000,1.14282,1.14373,1.13425,1.13737,355410406250
22.03.2019 00:00:00.000,1.13737,1.13905,1.12732,1.13004,402377656250
23.03.2019 00:00:00.000,1.13004,1.13004,1.13004,1.13004,0
24.03.2019 00:00:00.000,1.12892,1.13011,1.12883,1.12955,8383660156.25
25.03.2019 00:00:00.000,1.12956,1.13314,1.12889,1.13151,341816031250
26.03.2019 00:00:00.000,1.13152,1.13259,1.12632,1.12738,336568125000
27.03.2019 00:00:00.000,1.12737,1.12855,1.12421,1.12521,422556437500
28.03.2019 00:00:00.000,1.12518,1.12612,1.12135,1.12298,426452187500
29.03.2019 00:00:00.000,1.12297,1.12466,1.12098,1.12179,424280375000
30.03.2019 00:00:00.000,1.12179,1.12179,1.12179,1.12179,0
31.03.2019 00:00:00.000,1.12254,1.12312,1.12199,1.12231,10782179687.5
01.04.2019 00:00:00.000,1.12231,1.12498,1.11984,1.12049,414214375000
02.04.2019 00:00:00.000,1.12049,1.12160,1.11836,1.12032,437698156250
03.04.2019 00:00:00.000,1.12032,1.12547,1.12019,1.12446,464945656250
04.04.2019 00:00:00.000,1.12447,1.12475,1.12059,1.12222,382615906250
05.04.2019 00:00:00.000,1.12222,1.12472,1.12099,1.12142,331661343750
06.04.2019 00:00:00.000,1.12142,1.12142,1.12142,1.12142,0
07.04.2019 00:00:00.000,1.12138,1.12213,1.12118,1.12181,7693850097.6563
08.04.2019 00:00:00.000,1.12181,1.12744,1.12148,1.12555,386557531250
09.04.2019 00:00:00.000,1.12557,1.12842,1.12554,1.12655,384052250000
10.04.2019 00:00:00.000,1.12654,1.12876,1.12294,1.12758,433096781250
11.04.2019 00:00:00.000,1.12759,1.12873,1.12498,1.12601,382614593750
12.04.2019 00:00:00.000,1.12602,1.13239,1.12572,1.12976,401664281250
13.04.2019 00:00:00.000,1.12976,1.12976,1.12976,1.12976,0
14.04.2019 00:00:00.000,1.13035,1.13072,1.12991,1.13028,10414879882.8125
15.04.2019 00:00:00.000,1.13029,1.13209,1.12975,1.13043,376604968750
16.04.2019 00:00:00.000,1.13044,1.13139,1.12788,1.12845,478236750000
17.04.2019 00:00:00.000,1.12845,1.13237,1.12813,1.12965,394230750000
18.04.2019 00:00:00.000,1.12964,1.13039,1.12261,1.12349,411987187500
19.04.2019 00:00:00.000,1.12349,1.12476,1.12323,1.12408,106163796875
20.04.2019 00:00:00.000,1.12408,1.12408,1.12408,1.12408,0
21.04.2019 00:00:00.000,1.12408,1.12452,1.12373,1.12440,6034609863.2813
22.04.2019 00:00:00.000,1.12440,1.12620,1.12357,1.12584,184842328125
23.04.2019 00:00:00.000,1.12585,1.12612,1.11921,1.12237,366794093750
24.04.2019 00:00:00.000,1.12239,1.12241,1.11406,1.11533,396092937500
25.04.2019 00:00:00.000,1.11534,1.11623,1.11178,1.11353,346843250000
26.04.2019 00:00:00.000,1.11353,1.11739,1.11111,1.11429,341314093750
27.04.2019 00:00:00.000,1.11429,1.11429,1.11429,1.11429,0
28.04.2019 00:00:00.000,1.11441,1.11516,1.11441,1.11494,8087259765.625
29.04.2019 00:00:00.000,1.11494,1.11869,1.11450,1.11848,285596437500
30.04.2019 00:00:00.000,1.11847,1.12290,1.11757,1.12157,320017562500
01.05.2019 00:00:00.000,1.12157,1.12647,1.11870,1.12024,243803093750
02.05.2019 00:00:00.000,1.12023,1.12190,1.11707,1.11729,302647875000
03.05.2019 00:00:00.000,1.11728,1.12047,1.11350,1.12007,332884156250
04.05.2019 00:00:00.000,1.12007,1.12007,1.12007,1.12007,0
05.05.2019 00:00:00.000,1.11799,1.12003,1.11672,1.11846,20415490234.375
06.05.2019 00:00:00.000,1.11846,1.12092,1.11790,1.12010,307459687500
07.05.2019 00:00:00.000,1.12011,1.12178,1.11666,1.11895,342101750000
08.05.2019 00:00:00.000,1.11893,1.12136,1.11827,1.11977,370041218750
09.05.2019 00:00:00.000,1.11977,1.12509,1.11734,1.12184,410143593750
10.05.2019 00:00:00.000,1.12185,1.12536,1.12177,1.12329,366677156250
11.05.2019 00:00:00.000,1.12329,1.12329,1.12329,1.12329,0
12.05.2019 00:00:00.000,1.12320,1.12408,1.12299,1.12357,10570269531.25
13.05.2019 00:00:00.000,1.12358,1.12635,1.12191,1.12320,330177500000
14.05.2019 00:00:00.000,1.12320,1.12439,1.12011,1.12032,312740968750
15.05.2019 00:00:00.000,1.12031,1.12245,1.11779,1.12068,344234031250
16.05.2019 00:00:00.000,1.12069,1.12238,1.11662,1.11731,330368437500
17.05.2019 00:00:00.000,1.11730,1.11841,1.11551,1.11563,348250187500
18.05.2019 00:00:00.000,1.11563,1.11563,1.11563,1.11563,0
19.05.2019 00:00:00.000,1.11598,1.11666,1.11598,1.11646,9331110351.5625
20.05.2019 00:00:00.000,1.11646,1.11748,1.11506,1.11673,305009750000
21.05.2019 00:00:00.000,1.11673,1.11880,1.11419,1.11643,333000625000
22.05.2019 00:00:00.000,1.11643,1.11802,1.11485,1.11552,286002500000
23.05.2019 00:00:00.000,1.11553,1.11875,1.11070,1.11841,368229406250
24.05.2019 00:00:00.000,1.11841,1.12121,1.11771,1.12043,308644000000
25.05.2019 00:00:00.000,1.12043,1.12043,1.12043,1.12043,0
26.05.2019 00:00:00.000,1.12091,1.12116,1.12067,1.12068,8195250000
27.05.2019 00:00:00.000,1.12067,1.12151,1.11869,1.11934,192217218750
28.05.2019 00:00:00.000,1.11933,1.11983,1.11592,1.11681,306191000000
29.05.2019 00:00:00.000,1.11682,1.11724,1.11243,1.11366,354138312500
30.05.2019 00:00:00.000,1.11365,1.11433,1.11160,1.11295,300563125000
31.05.2019 00:00:00.000,1.11295,1.11797,1.11251,1.11678,412709281250
01.06.2019 00:00:00.000,1.11678,1.11678,1.11678,1.11678,0
02.06.2019 00:00:00.000,1.11607,1.11741,1.11607,1.11736,11255419921.875
03.06.2019 00:00:00.000,1.11736,1.12619,1.11601,1.12457,373774812500
04.06.2019 00:00:00.000,1.12458,1.12774,1.12267,1.12536,410688750000
05.06.2019 00:00:00.000,1.12535,1.13065,1.12200,1.12286,399166218750
06.06.2019 00:00:00.000,1.12286,1.13090,1.12008,1.12755,363147406250
07.06.2019 00:00:00.000,1.12756,1.13477,1.12512,1.13334,347017187500
08.06.2019 00:00:00.000,1.13334,1.13334,1.13334,1.13334,0
09.06.2019 00:00:00.000,1.13220,1.13308,1.13143,1.13190,10583679687.5
10.06.2019 00:00:00.000,1.13190,1.13243,1.12902,1.13179,319896625000
11.06.2019 00:00:00.000,1.13179,1.13374,1.13013,1.13295,358230843750
12.06.2019 00:00:00.000,1.13295,1.13434,1.12824,1.12924,374913312500
13.06.2019 00:00:00.000,1.12924,1.13037,1.12683,1.12795,353159968750
14.06.2019 00:00:00.000,1.12794,1.12891,1.12024,1.12050,344535562500
15.06.2019 00:00:00.000,1.12050,1.12050,1.12050,1.12050,0
16.06.2019 00:00:00.000,1.12089,1.12172,1.12088,1.12155,9786540039.0625
17.06.2019 00:00:00.000,1.12155,1.12470,1.12037,1.12242,244337515625
18.06.2019 00:00:00.000,1.12244,1.12428,1.11813,1.11978,389081000000
19.06.2019 00:00:00.000,1.11978,1.12542,1.11871,1.12357,323580781250
20.06.2019 00:00:00.000,1.12357,1.13173,1.12351,1.12943,428182500000
21.06.2019 00:00:00.000,1.12943,1.13777,1.12830,1.13679,407208437500
22.06.2019 00:00:00.000,1.13679,1.13679,1.13679,1.13679,0
23.06.2019 00:00:00.000,1.13695,1.13852,1.13662,1.13850,12484910156.25
24.06.2019 00:00:00.000,1.13850,1.14039,1.13725,1.13991,295616593750
25.06.2019 00:00:00.000,1.13993,1.14119,1.13442,1.13681,392497906250
26.06.2019 00:00:00.000,1.13680,1.13913,1.13474,1.13735,341519750000
27.06.2019 00:00:00.000,1.13734,1.13814,1.13477,1.13711,305256375000
28.06.2019 00:00:00.000,1.13711,1.13933,1.13506,1.13681,276363562500
29.06.2019 00:00:00.000,1.13681,1.13681,1.13681,1.13681,0
30.06.2019 00:00:00.000,1.13595,1.13710,1.13581,1.13601,12054490234.375
01.07.2019 00:00:00.000,1.13601,1.13640,1.12801,1.12868,303828375000
02.07.2019 00:00:00.000,1.12868,1.13215,1.12751,1.12904,265697281250
03.07.2019 00:00:00.000,1.12904,1.13123,1.12686,1.12873,261437468750
04.07.2019 00:00:00.000,1.12873,1.12951,1.12731,1.12853,139704703125
05.07.2019 00:00:00.000,1.12853,1.12860,1.12073,1.12235,258051906250
06.07.2019 00:00:00.000,1.12235,1.12235,1.12235,1.12235,0
07.07.2019 00:00:00.000,1.12215,1.12291,1.12215,1.12267,8220179687.5
08.07.2019 00:00:00.000,1.12267,1.12344,1.12069,1.12151,213395125000
09.07.2019 00:00:00.000,1.12150,1.12187,1.11933,1.12043,215624125000
10.07.2019 00:00:00.000,1.12043,1.12643,1.12018,1.12583,278478656250
11.07.2019 00:00:00.000,1.12585,1.12857,1.12451,1.12498,283354656250
12.07.2019 00:00:00.000,1.12498,1.12748,1.12381,1.12698,253368796875
13.07.2019 00:00:00.000,1.12698,1.12698,1.12698,1.12698,0
14.07.2019 00:00:00.000,1.12666,1.12744,1.12626,1.12710,7055790039.0625
15.07.2019 00:00:00.000,1.12711,1.12838,1.12532,1.12597,213580343750
16.07.2019 00:00:00.000,1.12598,1.12634,1.12018,1.12116,259555015625
17.07.2019 00:00:00.000,1.12117,1.12335,1.11997,1.12273,224769234375
18.07.2019 00:00:00.000,1.12273,1.12820,1.12051,1.12610,316722343750
19.07.2019 00:00:00.000,1.12608,1.12683,1.12033,1.12192,282446406250
20.07.2019 00:00:00.000,1.12192,1.12192,1.12192,1.12192,0
21.07.2019 00:00:00.000,1.12150,1.12197,1.12140,1.12175,9741040039.0625
22.07.2019 00:00:00.000,1.12175,1.12253,1.12037,1.12042,227157250000
23.07.2019 00:00:00.000,1.12042,1.12080,1.11457,1.11508,268169281250
24.07.2019 00:00:00.000,1.11508,1.11558,1.11269,1.11419,271736031250
25.07.2019 00:00:00.000,1.11420,1.11877,1.11013,1.11448,359874937500
26.07.2019 00:00:00.000,1.11447,1.11509,1.11120,1.11247,260348671875
27.07.2019 00:00:00.000,1.11247,1.11247,1.11247,1.11247,0
28.07.2019 00:00:00.000,1.11246,1.11325,1.11223,1.11295,5727459960.9375
29.07.2019 00:00:00.000,1.11295,1.11509,1.11128,1.11423,232842484375
30.07.2019 00:00:00.000,1.11424,1.11610,1.11321,1.11568,277029625000
31.07.2019 00:00:00.000,1.11568,1.11620,1.10600,1.10715,355194812500
01.08.2019 00:00:00.000,1.10715,1.10958,1.10268,1.10788,467627937500
02.08.2019 00:00:00.000,1.10789,1.11164,1.10696,1.11057,464104968750
03.08.2019 00:00:00.000,1.11057,1.11057,1.11057,1.11057,0
04.08.2019 00:00:00.000,1.11042,1.11138,1.11033,1.11075,12836589843.75
05.08.2019 00:00:00.000,1.11079,1.12453,1.11064,1.12418,476043968750
06.08.2019 00:00:00.000,1.12418,1.12497,1.11675,1.12054,417917687500
07.08.2019 00:00:00.000,1.12053,1.12417,1.11791,1.12039,451342656250
08.08.2019 00:00:00.000,1.12038,1.12323,1.11769,1.11861,340913937500
09.08.2019 00:00:00.000,1.11861,1.12229,1.11833,1.11969,284956781250
10.08.2019 00:00:00.000,1.11969,1.11969,1.11969,1.11969,0
11.08.2019 00:00:00.000,1.11978,1.12080,1.11967,1.12073,7072959960.9375
12.08.2019 00:00:00.000,1.12074,1.12306,1.11619,1.12162,319337125000
13.08.2019 00:00:00.000,1.12162,1.12285,1.11698,1.11764,377049531250
14.08.2019 00:00:00.000,1.11764,1.11908,1.11305,1.11428,345279312500
15.08.2019 00:00:00.000,1.11428,1.11583,1.10913,1.11103,416591312500
16.08.2019 00:00:00.000,1.11105,1.11113,1.10662,1.10899,239920671875
17.08.2019 00:00:00.000,1.10899,1.10899,1.10899,1.10899,0
18.08.2019 00:00:00.000,1.10925,1.11010,1.10895,1.10919,7217029785.1563
19.08.2019 00:00:00.000,1.10918,1.11137,1.10760,1.10814,198728515625
20.08.2019 00:00:00.000,1.10816,1.11066,1.10655,1.10972,202915296875
21.08.2019 00:00:00.000,1.10970,1.11070,1.10804,1.10901,170929515625
22.08.2019 00:00:00.000,1.10903,1.11130,1.10635,1.10836,215750562500
23.08.2019 00:00:00.000,1.10835,1.11532,1.10516,1.11360,234770312500
24.08.2019 00:00:00.000,1.11360,1.11360,1.11360,1.11360,0
25.08.2019 00:00:00.000,1.11507,1.11639,1.11393,1.11433,15735240234.375
26.08.2019 00:00:00.000,1.11433,1.11529,1.10942,1.11013,276142375000
27.08.2019 00:00:00.000,1.11012,1.11159,1.10855,1.10893,211976968750
28.08.2019 00:00:00.000,1.10894,1.10978,1.10733,1.10855,211311000000
29.08.2019 00:00:00.000,1.10856,1.10930,1.10419,1.10589,208781843750
30.08.2019 00:00:00.000,1.10589,1.10599,1.09632,1.09880,165279296875
31.08.2019 00:00:00.000,1.09880,1.09880,1.09880,1.09880,0
01.09.2019 00:00:00.000,1.09893,1.09962,1.09831,1.09904,3345290039.0625
02.09.2019 00:00:00.000,1.09903,1.09931,1.09580,1.09641,46117500000
03.09.2019 00:00:00.000,1.09641,1.09786,1.09260,1.09725,134828671875
04.09.2019 00:00:00.000,1.09725,1.10383,1.09715,1.10347,161293593750
05.09.2019 00:00:00.000,1.10346,1.10847,1.10166,1.10340,173375171875
06.09.2019 00:00:00.000,1.10340,1.10572,1.10201,1.10250,155127718750
07.09.2019 00:00:00.000,1.10250,1.10250,1.10250,1.10250,0
08.09.2019 00:00:00.000,1.10260,1.10275,1.10195,1.10201,3734600097.6563
09.09.2019 00:00:00.000,1.10202,1.10680,1.10153,1.10469,134493750000
10.09.2019 00:00:00.000,1.10469,1.10595,1.10305,1.10501,131830015625
11.09.2019 00:00:00.000,1.10501,1.10555,1.09851,1.10135,127663968750
12.09.2019 00:00:00.000,1.10134,1.10871,1.09268,1.10561,201762578125
13.09.2019 00:00:00.000,1.10560,1.11094,1.10560,1.10707,159524468750
14.09.2019 00:00:00.000,1.10707,1.10707,1.10707,1.10707,0
15.09.2019 00:00:00.000,1.10732,1.10863,1.10695,1.10831,5486165039.0625
16.09.2019 00:00:00.000,1.10831,1.10843,1.09932,1.10031,142926328125
17.09.2019 00:00:00.000,1.10030,1.10755,1.09901,1.10736,170443140625
18.09.2019 00:00:00.000,1.10737,1.10746,1.10136,1.10291,157398937500
19.09.2019 00:00:00.000,1.10291,1.10735,1.10229,1.10446,198730750000
20.09.2019 00:00:00.000,1.10444,1.10676,1.09961,1.10169,173532125000
21.09.2019 00:00:00.000,1.10169,1.10169,1.10169,1.10169,0
22.09.2019 00:00:00.000,1.10136,1.10197,1.10106,1.10185,4660100097.6563
23.09.2019 00:00:00.000,1.10185,1.10253,1.09661,1.09939,178417359375
24.09.2019 00:00:00.000,1.09938,1.10240,1.09837,1.10135,183286265625
25.09.2019 00:00:00.000,1.10134,1.10168,1.09374,1.09511,196617375000
26.09.2019 00:00:00.000,1.09511,1.09672,1.09087,1.09222,191177031250
27.09.2019 00:00:00.000,1.09223,1.09586,1.09046,1.09367,176770062500
28.09.2019 00:00:00.000,1.09367,1.09367,1.09367,1.09367,0
29.09.2019 00:00:00.000,1.09419,1.09461,1.09391,1.09422,3943520019.5313
30.09.2019 00:00:00.000,1.09421,1.09478,1.08847,1.08993,175540031250
01.10.2019 00:00:00.000,1.08992,1.09428,1.08790,1.09339,214512265625
02.10.2019 00:00:00.000,1.09340,1.09636,1.09040,1.09605,200581125000
03.10.2019 00:00:00.000,1.09604,1.09992,1.09408,1.09744,219926406250
04.10.2019 00:00:00.000,1.09745,1.09990,1.09570,1.09760,184196859375
05.10.2019 00:00:00.000,1.09760,1.09760,1.09760,1.09760,0
06.10.2019 00:00:00.000,1.09803,1.09838,1.09728,1.09832,4584700195.3125
07.10.2019 00:00:00.000,1.09832,1.10004,1.09619,1.09715,167536203125
08.10.2019 00:00:00.000,1.09716,1.09958,1.09409,1.09597,217155531250
09.10.2019 00:00:00.000,1.09597,1.09900,1.09548,1.09842,185453062500
10.10.2019 00:00:00.000,1.09841,1.10337,1.09797,1.10106,230081531250
11.10.2019 00:00:00.000,1.10105,1.10626,1.10007,1.10329,245439875000
12.10.2019 00:00:00.000,1.10329,1.10329,1.10329,1.10329,0
13.10.2019 00:00:00.000,1.10316,1.10385,1.10250,1.10282,6677950195.3125
14.10.2019 00:00:00.000,1.10281,1.10426,1.10128,1.10259,155436671875
15.10.2019 00:00:00.000,1.10258,1.10459,1.09912,1.10344,223298562500
16.10.2019 00:00:00.000,1.10344,1.10855,1.10223,1.10737,232685875000
17.10.2019 00:00:00.000,1.10738,1.11398,1.10650,1.11244,223617125000
18.10.2019 00:00:00.000,1.11245,1.11719,1.11145,1.11703,140632062500
19.10.2019 00:00:00.000,1.11703,1.11703,1.11703,1.11703,0
20.10.2019 00:00:00.000,1.11607,1.11634,1.11494,1.11558,6303584960.9375
21.10.2019 00:00:00.000,1.11559,1.11793,1.11386,1.11515,124245367187.5
22.10.2019 00:00:00.000,1.11517,1.11568,1.11176,1.11289,125243187500
23.10.2019 00:00:00.000,1.11288,1.11405,1.11061,1.11322,112972562500
24.10.2019 00:00:00.000,1.11322,1.11627,1.10930,1.11034,149011562500
25.10.2019 00:00:00.000,1.11035,1.11229,1.10729,1.10790,100730710937.5
26.10.2019 00:00:00.000,1.10790,1.10790,1.10790,1.10790,0
27.10.2019 00:00:00.000,1.10800,1.10840,1.10774,1.10839,3105340087.8906
28.10.2019 00:00:00.000,1.10839,1.11065,1.10760,1.10982,106338382812.5
29.10.2019 00:00:00.000,1.10982,1.11183,1.10735,1.11120,122552601562.5
30.10.2019 00:00:00.000,1.11119,1.11554,1.10801,1.11521,137742218750
31.10.2019 00:00:00.000,1.11521,1.11755,1.11314,1.11561,149061718750
01.11.2019 00:00:00.000,1.11559,1.11718,1.11281,1.11641,126862156250
02.11.2019 00:00:00.000,1.11641,1.11641,1.11641,1.11641,0
03.11.2019 00:00:00.000,1.11684,1.11696,1.11639,1.11661,1652000000
04.11.2019 00:00:00.000,1.11660,1.11753,1.11218,1.11279,109786406250
05.11.2019 00:00:00.000,1.11279,1.11401,1.10635,1.10738,152011234375
06.11.2019 00:00:00.000,1.10739,1.10928,1.10651,1.10700,124123617187.5
07.11.2019 00:00:00.000,1.10699,1.10914,1.10360,1.10523,155079140625
08.11.2019 00:00:00.000,1.10524,1.10554,1.10167,1.10176,116906195312.5
09.11.2019 00:00:00.000,1.10176,1.10176,1.10176,1.10176,0
10.11.2019 00:00:00.000,1.10230,1.10231,1.10191,1.10218,1359569946.2891
11.11.2019 00:00:00.000,1.10217,1.10430,1.10163,1.10347,86681398437.5
12.11.2019 00:00:00.000,1.10347,1.10385,1.10025,1.10120,120036429687.5
13.11.2019 00:00:00.000,1.10120,1.10203,1.09953,1.10096,121193085937.5
14.11.2019 00:00:00.000,1.10096,1.10274,1.09890,1.10197,116532054687.5
15.11.2019 00:00:00.000,1.10198,1.10569,1.10145,1.10494,109547429687.5
16.11.2019 00:00:00.000,1.10494,1.10494,1.10494,1.10494,0
17.11.2019 00:00:00.000,1.10489,1.10545,1.10487,1.10539,3888610107.4219
18.11.2019 00:00:00.000,1.10540,1.10899,1.10533,1.10722,112908328125
19.11.2019 00:00:00.000,1.10721,1.10839,1.10626,1.10779,109962585937.5
20.11.2019 00:00:00.000,1.10781,1.10813,1.10530,1.10779,129488828125
21.11.2019 00:00:00.000,1.10779,1.10969,1.10522,1.10656,126596804687.5
22.11.2019 00:00:00.000,1.10657,1.10872,1.10143,1.10179,176378375000
23.11.2019 00:00:00.000,1.10179,1.10179,1.10179,1.10179,0
24.11.2019 00:00:00.000,1.10170,1.10225,1.10162,1.10225,3677939941.4063
25.11.2019 00:00:00.000,1.10225,1.10321,1.10035,1.10104,115068718750
26.11.2019 00:00:00.000,1.10105,1.10256,1.10071,1.10220,111062375000
27.11.2019 00:00:00.000,1.10220,1.10222,1.09922,1.10048,117354781250
28.11.2019 00:00:00.000,1.10049,1.10179,1.10003,1.10113,74289851562.5
29.11.2019 00:00:00.000,1.10113,1.10282,1.09811,1.10150,101410546875
30.11.2019 00:00:00.000,1.10150,1.10150,1.10150,1.10150,0
01.12.2019 00:00:00.000,1.10229,1.10269,1.10170,1.10182,2960699951.1719
02.12.2019 00:00:00.000,1.10182,1.10907,1.10029,1.10761,133215328125
03.12.2019 00:00:00.000,1.10760,1.10934,1.10660,1.10818,129714031250
04.12.2019 00:00:00.000,1.10819,1.11161,1.10666,1.10827,151487578125
05.12.2019 00:00:00.000,1.10824,1.11080,1.10793,1.11038,123792304687.5
06.12.2019 00:00:00.000,1.11039,1.11097,1.10398,1.10543,120864609375
07.12.2019 00:00:00.000,1.10543,1.10543,1.10543,1.10543,0
08.12.2019 00:00:00.000,1.10580,1.10604,1.10562,1.10582,1990829956.0547
09.12.2019 00:00:00.000,1.10581,1.10779,1.10533,1.10643,109027390625
10.12.2019 00:00:00.000,1.10642,1.10977,1.10628,1.10923,129542960937.5
11.12.2019 00:00:00.000,1.10923,1.11448,1.10701,1.11325,144933312500
12.12.2019 00:00:00.000,1.11326,1.11995,1.11029,1.11833,192578109375
13.12.2019 00:00:00.000,1.11833,1.11860,1.11120,1.11174,211781328125
14.12.2019 00:00:00.000,1.11174,1.11174,1.11174,1.11174,0
15.12.2019 00:00:00.000,1.11280,1.11309,1.11225,1.11242,4374154785.1563
16.12.2019 00:00:00.000,1.11241,1.11581,1.11229,1.11355,151090562500
17.12.2019 00:00:00.000,1.11355,1.11746,1.11293,1.11514,151614531250
18.12.2019 00:00:00.000,1.11512,1.11512,1.11105,1.11154,146608265625
19.12.2019 00:00:00.000,1.11154,1.11442,1.11072,1.11231,157736093750
20.12.2019 00:00:00.000,1.11231,1.11236,1.10662,1.10769,130731890625
21.12.2019 00:00:00.000,1.10769,1.10769,1.10769,1.10769,0
22.12.2019 00:00:00.000,1.10810,1.10813,1.10766,1.10802,2560479980.4688
23.12.2019 00:00:00.000,1.10801,1.10958,1.10699,1.10917,108289429687.5
24.12.2019 00:00:00.000,1.10918,1.10938,1.10690,1.10873,80970679687.5
25.12.2019 00:00:00.000,1.10873,1.10953,1.10730,1.10944,4887310058.5938
26.12.2019 00:00:00.000,1.10944,1.11088,1.10821,1.11012,52487632812.5
27.12.2019 00:00:00.000,1.11013,1.11883,1.10987,1.11713,124575906250
28.12.2019 00:00:00.000,1.11713,1.11713,1.11713,1.11713,0
29.12.2019 00:00:00.000,1.11736,1.11839,1.11718,1.11813,3216499511.7188
30.12.2019 00:00:00.000,1.11812,1.12207,1.11806,1.12013,130773875000
31.12.2019 00:00:00.000,1.12013,1.12391,1.11987,1.12072,107777312500
01.01.2020 00:00:00.000,1.12143,1.12218,1.12142,1.12188,1401660034.1797
02.01.2020 00:00:00.000,1.12188,1.12245,1.11635,1.11708,487219122375.4886
03.01.2020 00:00:00.000,1.11707,1.11798,1.11249,1.11548,177406792846.67993
04.01.2020 00:00:00.000,1.11548,1.11548,1.11548,1.11548,0
05.01.2020 00:00:00.000,1.11656,1.11677,1.11589,1.11604,4398099884.0332
06.01.2020 00:00:00.000,1.11603,1.12055,1.11571,1.11954,139965284545.89877
07.01.2020 00:00:00.000,1.11953,1.11970,1.11335,1.11540,155594094726.5628
08.01.2020 00:00:00.000,1.11539,1.11682,1.11016,1.11129,195256950927.73462
09.01.2020 00:00:00.000,1.11130,1.11204,1.10924,1.11093,142852244934.08228
10.01.2020 00:00:00.000,1.11092,1.11291,1.10850,1.11165,126780231445.3127
11.01.2020 00:00:00.000,1.11165,1.11165,1.11165,1.11165,0
12.01.2020 00:00:00.000,1.11141,1.11209,1.11128,1.11161,1889078002.9297
13.01.2020 00:00:00.000,1.11161,1.11469,1.11125,1.11344,121460791870.11757
14.01.2020 00:00:00.000,1.11344,1.11444,1.11045,1.11275,137175021301.26968
15.01.2020 00:00:00.000,1.11276,1.11634,1.11185,1.11524,149733395019.53143
16.01.2020 00:00:00.000,1.11524,1.11727,1.11279,1.11368,132785064697.2656
17.01.2020 00:00:00.000,1.11368,1.11425,1.10862,1.10890,123846607299.8052
18.01.2020 00:00:00.000,1.10890,1.10890,1.10890,1.10890,0
19.01.2020 00:00:00.000,1.10910,1.10948,1.10889,1.10946,3275469970.7031
20.01.2020 00:00:00.000,1.10946,1.11023,1.10766,1.10962,97595170043.9457
21.01.2020 00:00:00.000,1.10963,1.11179,1.10809,1.10851,133266431030.2737
22.01.2020 00:00:00.000,1.10851,1.10984,1.10700,1.10957,134188814086.91449
23.01.2020 00:00:00.000,1.10956,1.11087,1.10362,1.10554,170440225097.65652
24.01.2020 00:00:00.000,1.10554,1.10617,1.10195,1.10224,123758220092.7735
25.01.2020 00:00:00.000,1.10224,1.10224,1.10224,1.10224,0
26.01.2020 00:00:00.000,1.10318,1.10343,1.10244,1.10245,10936521484.3751
27.01.2020 00:00:00.000,1.10245,1.10375,1.10096,1.10193,126594611206.0547
28.01.2020 00:00:00.000,1.10193,1.10252,1.09978,1.10220,122883060424.80478
29.01.2020 00:00:00.000,1.10220,1.10276,1.09923,1.10138,122855779052.7347
30.01.2020 00:00:00.000,1.10138,1.10393,1.10069,1.10285,143391972778.3207
31.01.2020 00:00:00.000,1.10285,1.10954,1.10168,1.10944,141170569458.0081
01.02.2020 00:00:00.000,1.10944,1.10944,1.10944,1.10944,0
02.02.2020 00:00:00.000,1.10939,1.10939,1.10813,1.10890,4187034912.1094
03.02.2020 00:00:00.000,1.10890,1.10890,1.10356,1.10623,134304043029.7853
04.02.2020 00:00:00.000,1.10623,1.10641,1.10328,1.10446,113725575195.31259
05.02.2020 00:00:00.000,1.10449,1.10479,1.09937,1.10003,122270979797.36346
06.02.2020 00:00:00.000,1.10003,1.10138,1.09644,1.09806,102177729980.4692
07.02.2020 00:00:00.000,1.09809,1.09849,1.09419,1.09438,130363425659.17989
08.02.2020 00:00:00.000,1.09438,1.09438,1.09438,1.09438,0
09.02.2020 00:00:00.000,1.09439,1.09507,1.09419,1.09491,3793479980.4688
10.02.2020 00:00:00.000,1.09491,1.09574,1.09076,1.09101,103251956481.93399
11.02.2020 00:00:00.000,1.09103,1.09248,1.08913,1.09189,96173739898.68187
12.02.2020 00:00:00.000,1.09187,1.09255,1.08654,1.08756,252577817962.6466
13.02.2020 00:00:00.000,1.08755,1.08887,1.08340,1.08413,336729948059.0821
14.02.2020 00:00:00.000,1.08415,1.08611,1.08271,1.08299,118368184570.3127
15.02.2020 00:00:00.000,1.08299,1.08299,1.08299,1.08299,0
16.02.2020 00:00:00.000,1.08406,1.08416,1.08355,1.08411,3465964965.8203
17.02.2020 00:00:00.000,1.08411,1.08509,1.08291,1.08366,74832865234.37543
18.02.2020 00:00:00.000,1.08365,1.08372,1.07854,1.07949,131588642211.91429
19.02.2020 00:00:00.000,1.07949,1.08115,1.07822,1.08096,105152057128.90639
20.02.2020 00:00:00.000,1.08095,1.08211,1.07778,1.07875,154014599487.305
21.02.2020 00:00:00.000,1.07875,1.08635,1.07871,1.08456,187666020629.88303
22.02.2020 00:00:00.000,1.08456,1.08456,1.08456,1.08456,0
23.02.2020 00:00:00.000,1.08145,1.08419,1.08132,1.08384,7690539062.500099
24.02.2020 00:00:00.000,1.08385,1.08720,1.08050,1.08485,174355632324.2189
25.02.2020 00:00:00.000,1.08485,1.08902,1.08300,1.08797,183218090332.03152
26.02.2020 00:00:00.000,1.08796,1.09086,1.08549,1.08864,188216973815.91818
27.02.2020 00:00:00.000,1.08865,1.10064,1.08848,1.09963,216943116455.0783
28.02.2020 00:00:00.000,1.09964,1.10530,1.09509,1.10251,247670596679.68768
29.02.2020 00:00:00.000,1.10251,1.10251,1.10251,1.10251,0
01.03.2020 00:00:00.000,1.10423,1.10739,1.10393,1.10515,7536564025.879
02.03.2020 00:00:00.000,1.10516,1.11845,1.10362,1.11443,247052447021.4845
03.03.2020 00:00:00.000,1.11443,1.12134,1.10953,1.11765,214838099731.44574
04.03.2020 00:00:00.000,1.11765,1.11875,1.10955,1.11380,163854065551.75803
05.03.2020 00:00:00.000,1.11382,1.12447,1.11195,1.12224,194619332885.74252
06.03.2020 00:00:00.000,1.12224,1.13546,1.12112,1.12804,236551747558.59412
07.03.2020 00:00:00.000,1.12804,1.12804,1.12804,1.12804,0
08.03.2020 00:00:00.000,1.13473,1.13963,1.13350,1.13876,17976083557.128998
09.03.2020 00:00:00.000,1.13876,1.14954,1.13559,1.13989,291479397460.93774
10.03.2020 00:00:00.000,1.13989,1.14251,1.12749,1.13136,263070733093.2618
11.03.2020 00:00:00.000,1.13136,1.13667,1.12501,1.12611,198250052124.02362
12.03.2020 00:00:00.000,1.12612,1.13336,1.10550,1.11823,262646922729.49228
13.03.2020 00:00:00.000,1.11822,1.12213,1.10550,1.10992,229638610839.844
14.03.2020 00:00:00.000,1.10992,1.10992,1.10992,1.10992,0
15.03.2020 00:00:00.000,1.10705,1.11996,1.10705,1.11560,30714802246.0938
16.03.2020 00:00:00.000,1.11560,1.12366,1.10849,1.11633,278539528137.20715
17.03.2020 00:00:00.000,1.11632,1.11891,1.09550,1.10160,277084423034.6682
18.03.2020 00:00:00.000,1.10161,1.10451,1.08016,1.09442,323485195068.35956
19.03.2020 00:00:00.000,1.09442,1.09490,1.06542,1.06544,299824796020.5079
20.03.2020 00:00:00.000,1.06543,1.08309,1.06375,1.06929,470351573242.1875
21.03.2020 00:00:00.000,1.06929,1.06929,1.06929,1.06929,0
22.03.2020 00:00:00.000,1.07011,1.07044,1.06357,1.06886,36030236724.8535
23.03.2020 00:00:00.000,1.06886,1.08279,1.06577,1.07635,443008249023.4376
24.03.2020 00:00:00.000,1.07633,1.08879,1.07457,1.07977,343182544311.5236
25.03.2020 00:00:00.000,1.07978,1.08938,1.07599,1.08884,296546448852.5391
26.03.2020 00:00:00.000,1.08882,1.10589,1.08742,1.10475,281315606933.59406
27.03.2020 00:00:00.000,1.10475,1.11473,1.09533,1.11379,250774621093.7502
28.03.2020 00:00:00.000,1.11379,1.11379,1.11379,1.11379,0
29.03.2020 00:00:00.000,1.11172,1.11440,1.11049,1.11361,8299892578.125099
30.03.2020 00:00:00.000,1.11361,1.11383,1.10100,1.10290,193379986083.98474
31.03.2020 00:00:00.000,1.10289,1.10427,1.09265,1.10259,319580627258.3009
01.04.2020 00:00:00.000,1.10260,1.10361,1.09026,1.09513,272233557739.25793
02.04.2020 00:00:00.000,1.09514,1.09644,1.08206,1.08460,293209617187.50024
03.04.2020 00:00:00.000,1.08459,1.08553,1.07727,1.07955,264082254394.5314
04.04.2020 00:00:00.000,1.07955,1.07955,1.07955,1.07955,0
05.04.2020 00:00:00.000,1.08082,1.08214,1.08026,1.08053,23173328430.1758
06.04.2020 00:00:00.000,1.08053,1.08354,1.07683,1.07988,274564578735.35187
07.04.2020 00:00:00.000,1.07988,1.09263,1.07904,1.08935,281112834655.7619
08.04.2020 00:00:00.000,1.08934,1.08969,1.08299,1.08599,231765494628.90643
09.04.2020 00:00:00.000,1.08598,1.09516,1.08409,1.09226,263058236572.2658
10.04.2020 00:00:00.000,1.09226,1.09524,1.09192,1.09326,143840995605.46887
11.04.2020 00:00:00.000,1.09326,1.09326,1.09326,1.09326,0
12.04.2020 00:00:00.000,1.09482,1.09482,1.09304,1.09315,7181071945.1905
13.04.2020 00:00:00.000,1.09314,1.09678,1.08926,1.09198,164628543579.10184
14.04.2020 00:00:00.000,1.09197,1.09907,1.09149,1.09834,226846329589.84415
15.04.2020 00:00:00.000,1.09832,1.09872,1.08564,1.09037,241939974182.129
16.04.2020 00:00:00.000,1.09036,1.09072,1.08166,1.08584,281466764404.2971
17.04.2020 00:00:00.000,1.08588,1.08926,1.08119,1.08711,249748087402.3439
18.04.2020 00:00:00.000,1.08711,1.08711,1.08711,1.08711,0
19.04.2020 00:00:00.000,1.08748,1.08777,1.08634,1.08635,7584632934.5703
20.04.2020 00:00:00.000,1.08635,1.08967,1.08411,1.08637,209651711059.57053
21.04.2020 00:00:00.000,1.08636,1.08802,1.08165,1.08563,265105965942.383
22.04.2020 00:00:00.000,1.08563,1.08852,1.08032,1.08062,216287722534.18
23.04.2020 00:00:00.000,1.08062,1.08466,1.07560,1.07743,279998599853.5158
24.04.2020 00:00:00.000,1.07743,1.08294,1.07271,1.08196,228532409179.6877
25.04.2020 00:00:00.000,1.08196,1.08196,1.08196,1.08196,0
26.04.2020 00:00:00.000,1.08211,1.08228,1.08146,1.08209,5396684890.747
27.04.2020 00:00:00.000,1.08208,1.08602,1.08112,1.08245,208270577270.508
28.04.2020 00:00:00.000,1.08244,1.08884,1.08097,1.08324,211896216064.4533
29.04.2020 00:00:00.000,1.08324,1.08856,1.08308,1.08772,215394319824.219
30.04.2020 00:00:00.000,1.08770,1.09726,1.08330,1.09448,291724516601.56274
01.05.2020 00:00:00.000,1.09447,1.10187,1.09344,1.09777,184960018554.6877
02.05.2020 00:00:00.000,1.09777,1.09777,1.09777,1.09777,0
03.05.2020 00:00:00.000,1.09676,1.09736,1.09529,1.09608,10641802497.8638
04.05.2020 00:00:00.000,1.09608,1.09609,1.08956,1.09030,214135935668.94562
05.05.2020 00:00:00.000,1.09031,1.09258,1.08258,1.08384,236417542724.6094
06.05.2020 00:00:00.000,1.08385,1.08438,1.07819,1.07980,241116201416.01584
07.05.2020 00:00:00.000,1.07980,1.08408,1.07665,1.08361,233085560180.6643
08.05.2020 00:00:00.000,1.08360,1.08756,1.08151,1.08371,163403397705.07843
09.05.2020 00:00:00.000,1.08371,1.08371,1.08371,1.08371,0
10.05.2020 00:00:00.000,1.08265,1.08395,1.08239,1.08377,8709160308.8379
11.05.2020 00:00:00.000,1.08377,1.08504,1.08005,1.08093,212806216552.73462
12.05.2020 00:00:00.000,1.08093,1.08851,1.07843,1.08454,207027483276.3673
13.05.2020 00:00:00.000,1.08455,1.08965,1.08116,1.08210,228996498291.01572
14.05.2020 00:00:00.000,1.08210,1.08239,1.07748,1.08060,213993200317.38315
15.05.2020 00:00:00.000,1.08061,1.08509,1.07888,1.08183,198840122070.3126
16.05.2020 00:00:00.000,1.08183,1.08183,1.08183,1.08183,0
17.05.2020 00:00:00.000,1.08088,1.08231,1.08067,1.08186,6917030975.3419
18.05.2020 00:00:00.000,1.08186,1.09270,1.07999,1.09139,204151863037.10974
19.05.2020 00:00:00.000,1.09138,1.09759,1.09021,1.09260,247821059814.45343
20.05.2020 00:00:00.000,1.09262,1.09989,1.09262,1.09796,211258439697.2657
21.05.2020 00:00:00.000,1.09794,1.10083,1.09371,1.09490,175874292114.2583
22.05.2020 00:00:00.000,1.09491,1.09535,1.08852,1.08980,156656809326.17233
23.05.2020 00:00:00.000,1.08980,1.08980,1.08980,1.08980,0
24.05.2020 00:00:00.000,1.08956,1.09083,1.08951,1.09079,4079339935.3028
25.05.2020 00:00:00.000,1.09080,1.09144,1.08706,1.09016,98775988525.3908
26.05.2020 00:00:00.000,1.09015,1.09957,1.08969,1.09784,207536281005.85974
27.05.2020 00:00:00.000,1.09785,1.10307,1.09340,1.10166,319490546386.719
28.05.2020 00:00:00.000,1.10165,1.10934,1.09916,1.10779,231205205078.1251
29.05.2020 00:00:00.000,1.10778,1.11451,1.10698,1.11036,373017449218.75
30.05.2020 00:00:00.000,1.11036,1.11036,1.11036,1.11036,0
31.05.2020 00:00:00.000,1.11129,1.11195,1.11023,1.11156,9217483398.4375
01.06.2020 00:00:00.000,1.11155,1.11540,1.11004,1.11251,240616061767.57852
02.06.2020 00:00:00.000,1.11252,1.11959,1.11151,1.11851,276683454711.9141
03.06.2020 00:00:00.000,1.11850,1.12577,1.11795,1.12349,242084619995.1174
04.06.2020 00:00:00.000,1.12350,1.13623,1.11947,1.13354,275772817382.81274
05.06.2020 00:00:00.000,1.13357,1.13836,1.12784,1.12911,263541622070.3128
06.06.2020 00:00:00.000,1.12911,1.12911,1.12911,1.12911,0
07.06.2020 00:00:00.000,1.12934,1.13198,1.12930,1.13160,6413017150.8788
08.06.2020 00:00:00.000,1.13160,1.13185,1.12682,1.13040,199303512573.24252
09.06.2020 00:00:00.000,1.13040,1.13638,1.12409,1.13320,237762343750.00034
10.06.2020 00:00:00.000,1.13320,1.14224,1.13219,1.13667,252826741638.18378
11.06.2020 00:00:00.000,1.13668,1.14036,1.12870,1.12879,306096309082.0314
12.06.2020 00:00:00.000,1.12881,1.13405,1.12125,1.12550,296425742431.6407
13.06.2020 00:00:00.000,1.12550,1.12550,1.12550,1.12550,0
14.06.2020 00:00:00.000,1.12329,1.12582,1.12262,1.12515,17507604888.916
15.06.2020 00:00:00.000,1.12516,1.13380,1.12267,1.13375,281658119140.6251
16.06.2020 00:00:00.000,1.13376,1.13532,1.12278,1.12648,237631654541.0158
17.06.2020 00:00:00.000,1.12649,1.12939,1.12068,1.12419,248307179443.35965
18.06.2020 00:00:00.000,1.12419,1.12613,1.11854,1.12076,234913471435.547
19.06.2020 00:00:00.000,1.12075,1.12542,1.11680,1.11759,232203720947.2659
20.06.2020 00:00:00.000,1.11759,1.11759,1.11759,1.11759,0
21.06.2020 00:00:00.000,1.11835,1.11874,1.11684,1.11766,6131224929.8096
22.06.2020 00:00:00.000,1.11766,1.12809,1.11737,1.12776,184243802490.23453
23.06.2020 00:00:00.000,1.12775,1.13486,1.12330,1.13124,233937066101.0743
24.06.2020 00:00:00.000,1.13124,1.13257,1.12481,1.12499,231619329711.9143
25.06.2020 00:00:00.000,1.12500,1.12597,1.11903,1.12179,240800363403.3205
26.06.2020 00:00:00.000,1.12179,1.12393,1.11951,1.12170,162424869873.04733
27.06.2020 00:00:00.000,1.12170,1.12170,1.12170,1.12170,0
28.06.2020 00:00:00.000,1.12149,1.12280,1.12149,1.12219,5271767883.3008
29.06.2020 00:00:00.000,1.12219,1.12879,1.12193,1.12467,181085523803.71136
30.06.2020 00:00:00.000,1.12466,1.12619,1.11910,1.12335,194383571533.20334
01.07.2020 00:00:00.000,1.12336,1.12751,1.11848,1.12511,189129448852.5394
02.07.2020 00:00:00.000,1.12511,1.13026,1.12233,1.12372,183464493041.9923
03.07.2020 00:00:00.000,1.12373,1.12518,1.12192,1.12464,140495283935.5471
04.07.2020 00:00:00.000,1.12464,1.12464,1.12464,1.12464,0
05.07.2020 00:00:00.000,1.12433,1.12494,1.12411,1.12466,2507875030.5176
06.07.2020 00:00:00.000,1.12467,1.13454,1.12467,1.13123,145664620483.39862
07.07.2020 00:00:00.000,1.13123,1.13325,1.12588,1.12744,162703358886.71912
08.07.2020 00:00:00.000,1.12745,1.13518,1.12623,1.13372,163826262084.961
09.07.2020 00:00:00.000,1.13372,1.13706,1.12801,1.12879,195471481018.06653
10.07.2020 00:00:00.000,1.12881,1.13247,1.12547,1.12990,178134690185.5472
11.07.2020 00:00:00.000,1.12990,1.12990,1.12990,1.12990,0
12.07.2020 00:00:00.000,1.13039,1.13173,1.13026,1.13085,5807624816.8946
13.07.2020 00:00:00.000,1.13086,1.13748,1.13008,1.13447,248162663085.93784
14.07.2020 00:00:00.000,1.13447,1.14123,1.13251,1.14099,354217155273.4377
15.07.2020 00:00:00.000,1.14100,1.14520,1.13910,1.14168,303168696960.44934
16.07.2020 00:00:00.000,1.14168,1.14417,1.13704,1.13878,293660724609.3753
17.07.2020 00:00:00.000,1.13877,1.14436,1.13774,1.14269,168987209472.6564
18.07.2020 00:00:00.000,1.14269,1.14269,1.14269,1.14269,0
19.07.2020 00:00:00.000,1.14084,1.14456,1.14084,1.14421,7678563323.9746
20.07.2020 00:00:00.000,1.14421,1.14677,1.14023,1.14557,284703890502.9299
21.07.2020 00:00:00.000,1.14559,1.15423,1.14228,1.15350,385745030761.7188
22.07.2020 00:00:00.000,1.15350,1.16013,1.15068,1.15646,468570805175.78156
23.07.2020 00:00:00.000,1.15647,1.16268,1.15403,1.15952,357357413574.2189
24.07.2020 00:00:00.000,1.15953,1.16580,1.15812,1.16546,407293211181.6408
25.07.2020 00:00:00.000,1.16546,1.16546,1.16546,1.16546,0
26.07.2020 00:00:00.000,1.16430,1.16555,1.16413,1.16495,16069089813.2325
27.07.2020 00:00:00.000,1.16496,1.17813,1.16494,1.17682,338699422363.2815
28.07.2020 00:00:00.000,1.17681,1.17736,1.16987,1.17185,336526177032.47076
29.07.2020 00:00:00.000,1.17185,1.18061,1.17139,1.17806,341900185546.87524
30.07.2020 00:00:00.000,1.17809,1.18762,1.17308,1.18719,354825057250.97675
31.07.2020 00:00:00.000,1.18718,1.19087,1.17617,1.17753,553539370117.1875
01.08.2020 00:00:00.000,1.17753,1.17753,1.17753,1.17753,0
02.08.2020 00:00:00.000,1.17725,1.17966,1.17717,1.17810,7695743698.1201
03.08.2020 00:00:00.000,1.17809,1.17887,1.16959,1.17603,312773727233.88696
04.08.2020 00:00:00.000,1.17603,1.18148,1.17211,1.18136,449648830566.4065
05.08.2020 00:00:00.000,1.18135,1.19048,1.17992,1.18720,1039918437744.1406
06.08.2020 00:00:00.000,1.18721,1.19160,1.18179,1.18752,1280256883422.8516
07.08.2020 00:00:00.000,1.18753,1.18818,1.17551,1.17862,430356422485.3516
08.08.2020 00:00:00.000,1.17862,1.17862,1.17862,1.17862,0
09.08.2020 00:00:00.000,1.17886,1.17896,1.17732,1.17810,7007450103.7598
10.08.2020 00:00:00.000,1.17810,1.18006,1.17357,1.17360,299071041015.62524
11.08.2020 00:00:00.000,1.17360,1.18080,1.17219,1.17347,587871119873.0469
12.08.2020 00:00:00.000,1.17348,1.18170,1.17110,1.17939,625327205017.0898
13.08.2020 00:00:00.000,1.17939,1.18641,1.17934,1.18155,453052603546.14276
14.08.2020 00:00:00.000,1.18153,1.18503,1.17817,1.18414,329642937011.71906
15.08.2020 00:00:00.000,1.18414,1.18414,1.18414,1.18414,0
16.08.2020 00:00:00.000,1.18389,1.18528,1.18324,1.18518,3805850387.5733004
17.08.2020 00:00:00.000,1.18518,1.18809,1.18286,1.18745,302891148254.3945
18.08.2020 00:00:00.000,1.18745,1.19656,1.18742,1.19464,326668826354.9807
19.08.2020 00:00:00.000,1.19463,1.19526,1.18302,1.18437,530337462402.34393
20.08.2020 00:00:00.000,1.18440,1.18711,1.18019,1.18695,426169537200.92786
21.08.2020 00:00:00.000,1.18694,1.18828,1.17541,1.17949,382701145263.6721
22.08.2020 00:00:00.000,1.17949,1.17949,1.17949,1.17949,0
23.08.2020 00:00:00.000,1.17911,1.18065,1.17911,1.17981,6345941650.390699
24.08.2020 00:00:00.000,1.17981,1.18495,1.17841,1.17934,214786515808.1058
25.08.2020 00:00:00.000,1.17934,1.18435,1.17841,1.18339,421864804626.46515
26.08.2020 00:00:00.000,1.18340,1.18406,1.17721,1.18400,274338527709.96124
27.08.2020 00:00:00.000,1.18403,1.19018,1.17623,1.18205,467429654266.3576
28.08.2020 00:00:00.000,1.18205,1.19197,1.18109,1.19018,567104014038.086
29.08.2020 00:00:00.000,1.19018,1.19018,1.19018,1.19018,0
30.08.2020 00:00:00.000,1.18998,1.19202,1.18996,1.19171,8330427154.5411
31.08.2020 00:00:00.000,1.19170,1.19660,1.18840,1.19367,995787628967.2852
01.09.2020 00:00:00.000,1.19368,1.20113,1.19013,1.19226,376195290344.23846
02.09.2020 00:00:00.000,1.19224,1.19239,1.18221,1.18457,739082462402.3439
03.09.2020 00:00:00.000,1.18458,1.18646,1.17889,1.18412,892492086059.5703
04.09.2020 00:00:00.000,1.18413,1.18654,1.17809,1.18371,952444738281.25
05.09.2020 00:00:00.000,1.18371,1.18371,1.18371,1.18371,0
06.09.2020 00:00:00.000,1.18432,1.18469,1.18319,1.18342,15545362915.0391
07.09.2020 00:00:00.000,1.18342,1.18486,1.18116,1.18188,471436875122.07043
08.09.2020 00:00:00.000,1.18187,1.18273,1.17570,1.17667,908454109008.7891
09.09.2020 00:00:00.000,1.17667,1.18339,1.17527,1.18037,842865565856.9336
10.09.2020 00:00:00.000,1.18035,1.19175,1.18004,1.18234,1083338913208.0078
11.09.2020 00:00:00.000,1.18237,1.18741,1.18237,1.18453,905062644531.25
12.09.2020 00:00:00.000,1.18453,1.18453,1.18453,1.18453,0
13.09.2020 00:00:00.000,1.18348,1.18473,1.18347,1.18404,20594721923.8282
14.09.2020 00:00:00.000,1.18404,1.18880,1.18319,1.18671,900788153808.5938
15.09.2020 00:00:00.000,1.18670,1.19005,1.18395,1.18419,893130918762.207
16.09.2020 00:00:00.000,1.18420,1.18825,1.17876,1.18045,998102438354.4922
17.09.2020 00:00:00.000,1.18043,1.18561,1.17373,1.18468,1401776276733.3984
18.09.2020 00:00:00.000,1.18468,1.18705,1.18260,1.18385,1078640787109.375
19.09.2020 00:00:00.000,1.18385,1.18385,1.18385,1.18385,0
20.09.2020 00:00:00.000,1.18369,1.18498,1.18369,1.18456,29085199218.75
21.09.2020 00:00:00.000,1.18455,1.18717,1.17317,1.17626,1312994954284.668
22.09.2020 00:00:00.000,1.17627,1.17715,1.16916,1.17059,1027230368896.4844
23.09.2020 00:00:00.000,1.17060,1.17188,1.16513,1.16568,1089493416503.9062
24.09.2020 00:00:00.000,1.16567,1.16869,1.16265,1.16735,1080750623199.4629
25.09.2020 00:00:00.000,1.16735,1.16850,1.16121,1.16277,973123503906.25
26.09.2020 00:00:00.000,1.16277,1.16277,1.16277,1.16277,0
27.09.2020 00:00:00.000,1.16271,1.16377,1.16206,1.16341,14362069091.7969
28.09.2020 00:00:00.000,1.16341,1.16799,1.16150,1.16768,1029112978210.4492
29.09.2020 00:00:00.000,1.16768,1.17457,1.16652,1.17414,978153129302.9785
30.09.2020 00:00:00.000,1.17414,1.17548,1.16847,1.17232,1342323445068.3594
01.10.2020 00:00:00.000,1.17234,1.17696,1.17171,1.17439,1320011916931.1523
02.10.2020 00:00:00.000,1.17439,1.17445,1.16956,1.17157,1382583638671.875
03.10.2020 00:00:00.000,1.17157,1.17157,1.17157,1.17157,0
04.10.2020 00:00:00.000,1.17110,1.17201,1.17053,1.17195,34534752929.6875
05.10.2020 00:00:00.000,1.17195,1.17975,1.17176,1.17891,1035147592529.2969
06.10.2020 00:00:00.000,1.17889,1.18077,1.17302,1.17371,1216189747924.8047
07.10.2020 00:00:00.000,1.17370,1.17818,1.17249,1.17657,1176356720336.914
08.10.2020 00:00:00.000,1.17657,1.17816,1.17326,1.17668,1112885121520.996
09.10.2020 00:00:00.000,1.17667,1.18310,1.17576,1.18248,1032612132812.5
10.10.2020 00:00:00.000,1.18248,1.18248,1.18248,1.18248,0
11.10.2020 00:00:00.000,1.18103,1.18226,1.18102,1.18157,28731979492.1875
12.10.2020 00:00:00.000,1.18156,1.18266,1.17867,1.18129,950505847900.3906
13.10.2020 00:00:00.000,1.18127,1.18139,1.17304,1.17420,1201635970825.1953
14.10.2020 00:00:00.000,1.17419,1.17710,1.17199,1.17447,1142139945922.8516
15.10.2020 00:00:00.000,1.17444,1.17578,1.16884,1.17064,1050044267395.0195
16.10.2020 00:00:00.000,1.17065,1.17462,1.16939,1.17132,929524976562.5
17.10.2020 00:00:00.000,1.17132,1.17132,1.17132,1.17132,0
18.10.2020 00:00:00.000,1.17181,1.17209,1.17112,1.17156,8770688354.4923
19.10.2020 00:00:00.000,1.17154,1.17936,1.17031,1.17683,689669064331.0547
20.10.2020 00:00:00.000,1.17683,1.18407,1.17598,1.18290,811250231628.418
21.10.2020 00:00:00.000,1.18289,1.18807,1.18280,1.18516,948227488159.1797
22.10.2020 00:00:00.000,1.18516,1.18668,1.18114,1.18146,932241119995.1172
23.10.2020 00:00:00.000,1.18143,1.18648,1.17866,1.18572,878053396484.375
24.10.2020 00:00:00.000,1.18572,1.18572,1.18572,1.18572,0
25.10.2020 00:00:00.000,1.18546,1.18605,1.18392,1.18479,21793490722.6563
26.10.2020 00:00:00.000,1.18479,1.18504,1.18032,1.18091,845757035217.2852
27.10.2020 00:00:00.000,1.18092,1.18387,1.17695,1.17815,813994711914.0625
28.10.2020 00:00:00.000,1.17818,1.17879,1.17178,1.17482,1028901292358.3984
29.10.2020 00:00:00.000,1.17482,1.17587,1.16501,1.16783,779715170654.2969
30.10.2020 00:00:00.000,1.16782,1.17042,1.16400,1.16431,900537749023.4375
31.10.2020 00:00:00.000,1.16431,1.16431,1.16431,1.16431,0
01.11.2020 00:00:00.000,1.16498,1.16503,1.16386,1.16416,10966495300.293
02.11.2020 00:00:00.000,1.16415,1.16557,1.16221,1.16404,827466129699.707
03.11.2020 00:00:00.000,1.16405,1.17639,1.16372,1.17616,660774122741.6992
04.11.2020 00:00:00.000,1.17617,1.17704,1.16026,1.17321,1295234289794.9219
05.11.2020 00:00:00.000,1.17321,1.18596,1.17107,1.18167,954521784545.8984
06.11.2020 00:00:00.000,1.18169,1.18908,1.17952,1.18700,499431889160.1563
07.11.2020 00:00:00.000,1.18700,1.18700,1.18700,1.18700,0
08.11.2020 00:00:00.000,1.18898,1.18950,1.18833,1.18924,11420789916.9922
09.11.2020 00:00:00.000,1.18924,1.19199,1.17952,1.18240,695880060180.6641
10.11.2020 00:00:00.000,1.18240,1.18432,1.17799,1.18184,627024041503.9062
11.11.2020 00:00:00.000,1.18183,1.18327,1.17454,1.17792,422665582275.39075
12.11.2020 00:00:00.000,1.17792,1.18231,1.17585,1.18038,454094147521.97284
13.11.2020 00:00:00.000,1.18039,1.18374,1.17989,1.18310,378814057617.1875
14.11.2020 00:00:00.000,1.18310,1.18310,1.18310,1.18310,0
15.11.2020 00:00:00.000,1.18411,1.18488,1.18288,1.18448,9468031738.2813
16.11.2020 00:00:00.000,1.18447,1.18689,1.18141,1.18592,388646568481.44556
17.11.2020 00:00:00.000,1.18593,1.18937,1.18425,1.18636,335326406951.9044
18.11.2020 00:00:00.000,1.18637,1.18908,1.18448,1.18451,358176156219.4826
19.11.2020 00:00:00.000,1.18452,1.18825,1.18161,1.18653,416513051361.08405
20.11.2020 00:00:00.000,1.18655,1.18908,1.18498,1.18544,386941251464.8438
21.11.2020 00:00:00.000,1.18544,1.18544,1.18544,1.18544,0
22.11.2020 00:00:00.000,1.18538,1.18659,1.18528,1.18654,7551152343.750099
23.11.2020 00:00:00.000,1.18655,1.19060,1.17997,1.18422,375071407958.9846
24.11.2020 00:00:00.000,1.18422,1.18978,1.18384,1.18974,450084153198.2423
25.11.2020 00:00:00.000,1.18976,1.19297,1.18818,1.19162,434675080200.1953
26.11.2020 00:00:00.000,1.19164,1.19409,1.18852,1.19109,310782640014.64874
27.11.2020 00:00:00.000,1.19110,1.19641,1.19094,1.19620,294690331054.68774
28.11.2020 00:00:00.000,1.19620,1.19620,1.19620,1.19620,0
29.11.2020 00:00:00.000,1.19614,1.19738,1.19610,1.19721,5691470092.7734
30.11.2020 00:00:00.000,1.19722,1.20032,1.19236,1.19374,427702034484.8633
01.12.2020 00:00:00.000,1.19372,1.20765,1.19353,1.20706,329924842183.41254
02.12.2020 00:00:00.000,1.20707,1.21183,1.20399,1.21138,356276760362.2674
03.12.2020 00:00:00.000,1.21137,1.21746,1.21010,1.21449,370341070075.2746
04.12.2020 00:00:00.000,1.21449,1.21773,1.21101,1.21202,419231536592.48395
05.12.2020 00:00:00.000,1.21202,1.21202,1.21202,1.21202,0
06.12.2020 00:00:00.000,1.21308,1.21324,1.21195,1.21200,7098779196.143198
07.12.2020 00:00:00.000,1.21199,1.21662,1.20784,1.21092,401999882292.4803
08.12.2020 00:00:00.000,1.21091,1.21339,1.20953,1.21094,342799915245.354
09.12.2020 00:00:00.000,1.21095,1.21475,1.20587,1.20784,239315692499.15933
10.12.2020 00:00:00.000,1.20784,1.21588,1.20784,1.21433,236013960205.736
11.12.2020 00:00:00.000,1.21434,1.21629,1.21053,1.21086,192928953634.38306
12.12.2020 00:00:00.000,1.21086,1.21086,1.21086,1.21086,0
13.12.2020 00:00:00.000,1.21367,1.21435,1.21324,1.21331,5045981706.768001
14.12.2020 00:00:00.000,1.21331,1.21767,1.21155,1.21486,160627789984.2396
15.12.2020 00:00:00.000,1.21485,1.21689,1.21210,1.21543,143307157268.10803