Timestamp, Close, Volume, Open, High, Low
2020-12-21 00:00:00, $222.59,37181890, $217.55, $224, $217.2801
2020-12-18 00:00:00, $218.59,63354920, $218.59, $219.69, $216.02
2020-12-17 00:00:00, $219.42,32515780, $219.87, $220.89, $217.92
2020-12-16 00:00:00, $219.28,35023250, $214.75, $220.11, $214.72
2020-12-15 00:00:00, $214.13,27018110, $215.165, $215.42, $212.24
2020-12-14 00:00:00, $214.2,28798380, $213.1, $216.21, $212.88
2020-12-11 00:00:00, $213.26,30979440, $210.05, $213.32, $209.11
2020-12-10 00:00:00, $210.52,26467020, $211.77, $213.08, $210.36
2020-12-09 00:00:00, $211.8,32440600, $215.16, $215.225, $211.214
2020-12-08 00:00:00, $216.01,23284090, $213.97, $216.95, $212.89
2020-12-07 00:00:00, $214.29,24620000, $214.37, $215.54, $212.99
2020-12-04 00:00:00, $214.36,24666040, $214.22, $215.38, $213.18
2020-12-03 00:00:00, $214.24,25120920, $214.61, $216.3757, $213.65
2020-12-02 00:00:00, $215.37,23724510, $214.88, $215.47, $212.8
2020-12-01 00:00:00, $216.21,30931320, $214.51, $217.32, $213.35
2020-11-30 00:00:00, $214.07,33064750, $214.1, $214.76, $210.835
2020-11-27 00:00:00, $215.23,14512210, $214.85, $216.27, $214.04
2020-11-25 00:00:00, $213.87,21012890, $215.11, $215.29, $212.46
2020-11-24 00:00:00, $213.86,33979730, $209.59, $214.25, $208.86
2020-11-23 00:00:00, $210.11,25683510, $210.95, $212.29, $208.16
2020-11-20 00:00:00, $210.39,22843120, $212.2, $213.285, $210
2020-11-19 00:00:00, $212.42,24792750, $211.38, $213.03, $209.93
2020-11-18 00:00:00, $211.08,28372790, $213.65, $215.17, $210.93
2020-11-17 00:00:00, $214.46,24154110, $216.1, $217.68, $214.08
2020-11-16 00:00:00, $217.23,24953340, $214.87, $217.74, $214.52
2020-11-13 00:00:00, $216.51,18630310, $216.36, $217.42, $214.16
2020-11-12 00:00:00, $215.44,21616120, $217.21, $219.11, $214.46
2020-11-11 00:00:00, $216.55,29440790, $212.39, $218.04, $212.2
2020-11-10 00:00:00, $211.01,44045120, $214.5, $216.5, $209.72
2020-11-09 00:00:00, $218.39,44394950, $224.435, $228.12, $217.88
2020-11-06 00:00:00, $223.72,25231900, $222.26, $224.36, $218.03
2020-11-05 00:00:00, $223.29,36080140, $222.04, $224.12, $221.15
2020-11-04 00:00:00, $216.39,42311780, $214.02, $218.32, $212.4185
2020-11-03 00:00:00, $206.43,27512030, $203.89, $208.12, $203.12
2020-11-02 00:00:00, $202.33,30842160, $204.29, $205.28, $200.12
2020-10-30 00:00:00, $202.47,36980110, $203.5, $204.29, $199.62
2020-10-29 00:00:00, $204.72,31432560, $204.07, $207.36, $203.37
2020-10-28 00:00:00, $202.68,51195590, $207.67, $208.84, $202.1
2020-10-27 00:00:00, $213.25,36700330, $211.59, $214.67, $210.329
2020-10-26 00:00:00, $210.08,37111560, $213.85, $216.3399, $208.1
2020-10-23 00:00:00, $216.23,18879610, $215.03, $216.28, $213.16
2020-10-22 00:00:00, $214.89,22351450, $213.93, $216.055, $211.7
2020-10-21 00:00:00, $214.8,22724910, $213.12, $216.92, $213.12
2020-10-20 00:00:00, $214.65,22753510, $215.8, $217.37, $213.0901
2020-10-19 00:00:00, $214.22,27625840, $220.415, $222.3, $213.72
2020-10-16 00:00:00, $219.66,26057880, $220.15, $222.29, $219.32
2020-10-15 00:00:00, $219.66,22733060, $217.1, $220.36, $216.01
2020-10-14 00:00:00, $220.86,23451710, $223, $224.22, $219.13
2020-10-13 00:00:00, $222.86,28950840, $222.72, $225.21, $220.43
2020-10-12 00:00:00, $221.4,40461370, $218.79, $223.86, $216.81
2020-10-09 00:00:00, $215.81,26458050, $211.23, $215.86, $211.23
2020-10-08 00:00:00, $210.58,19925840, $210.51, $211.19, $208.32
2020-10-07 00:00:00, $209.83,25681050, $207.06, $210.11, $206.72
2020-10-06 00:00:00, $205.91,28554260, $208.82, $210.18, $204.82
2020-10-05 00:00:00, $210.38,21331560, $207.22, $210.41, $206.98
2020-10-02 00:00:00, $206.19,33154780, $208, $210.99, $205.54
2020-10-01 00:00:00, $212.46,27158420, $213.49, $213.99, $211.32
2020-09-30 00:00:00, $210.33,33829090, $207.73, $211.98, $206.54
2020-09-29 00:00:00, $207.26,24464470, $209.35, $210.07, $206.81
2020-09-28 00:00:00, $209.44,32004940, $210.88, $212.57, $208.06
2020-09-25 00:00:00, $207.82,29437310, $203.55, $209.04, $202.54
2020-09-24 00:00:00, $203.19,31202490, $199.85, $205.57, $199.2
2020-09-23 00:00:00, $200.59,30803780, $207.9, $208.1, $200.03
2020-09-22 00:00:00, $207.42,33517070, $205.06, $208.1, $202.075
2020-09-21 00:00:00, $202.54,39839660, $197.19, $202.71, $196.38
2020-09-18 00:00:00, $200.39,55225330, $202.8, $203.65, $196.25
2020-09-17 00:00:00, $202.91,34011260, $200.05, $204.33, $199.96
2020-09-16 00:00:00, $205.05,26372460, $210.62, $210.65, $204.64
2020-09-15 00:00:00, $208.78,21823940, $208.42, $209.78, $206.93
2020-09-14 00:00:00, $205.41,30375770, $204.24, $209.2, $204.03
2020-09-11 00:00:00, $204.03,33620070, $207.2, $208.63, $201.24
2020-09-10 00:00:00, $205.37,35461510, $213.4, $214.74, $204.11
2020-09-09 00:00:00, $211.29,45678990, $207.6, $214.8399, $206.7
2020-09-08 00:00:00, $202.66,52924330, $206.5, $210.03, $202.2
2020-09-04 00:00:00, $214.25,59664070, $215.1, $218.3599, $205.19
2020-09-03 00:00:00, $217.3,58400290, $229.27, $229.31, $214.9602
2020-09-02 00:00:00, $231.65,34080840, $227.97, $232.86, $227.35
2020-09-01 00:00:00, $227.27,25791240, $225.51, $227.45, $224.43
2020-08-31 00:00:00, $225.53,28774160, $227, $228.7, $224.31
2020-08-28 00:00:00, $228.91,26292900, $228.18, $230.644, $226.58
2020-08-27 00:00:00, $226.58,57602200, $222.89, $231.15, $219.4
2020-08-26 00:00:00, $221.15,39600830, $217.88, $222.09, $217.36
2020-08-25 00:00:00, $216.47,23043700, $213.1, $216.61, $213.1
2020-08-24 00:00:00, $213.69,25460150, $214.79, $215.52, $212.43
2020-08-21 00:00:00, $213.02,36249320, $213.86, $216.25, $212.85
2020-08-20 00:00:00, $214.58,26981480, $209.54, $215, $208.91
2020-08-19 00:00:00, $209.7,27627560, $211.49, $212.1, $209.25
2020-08-18 00:00:00, $211.49,21336170, $210.53, $212.36, $209.21
2020-08-17 00:00:00, $210.28,20184760, $209.6, $211.1874, $208.915
2020-08-14 00:00:00, $208.9,17958940, $208.76, $209.59, $207.51
2020-08-13 00:00:00, $208.7,22588870, $209.44, $211.35, $208.15
2020-08-12 00:00:00, $209.19,28041360, $205.29, $210.28, $204.75
2020-08-11 00:00:00, $203.38,36446460, $207.155, $207.65, $203.14
2020-08-10 00:00:00, $208.25,36716460, $211.67, $211.88, $206.35
2020-08-07 00:00:00, $212.48,27820420, $214.85, $215.7, $210.93
2020-08-06 00:00:00, $216.35,32656840, $212.34, $216.3705, $211.55
2020-08-05 00:00:00, $212.94,28858620, $214.9, $215, $211.57
2020-08-04 00:00:00, $213.29,49280060, $214.17, $214.77, $210.31
2020-08-03 00:00:00, $216.54,78983010, $211.52, $217.64, $210.44
2020-07-31 00:00:00, $205.01,51247970, $204.4, $205.1, $199.01
2020-07-30 00:00:00, $203.9,25079600, $201, $204.46, $199.57
2020-07-29 00:00:00, $204.06,19632600, $202.5, $204.65, $202.01
2020-07-28 00:00:00, $202.02,23251390, $203.61, $204.7, $201.74
2020-07-27 00:00:00, $203.85,30160870, $201.47, $203.97, $200.86
2020-07-24 00:00:00, $201.3,39826990, $200.42, $202.86, $197.51
2020-07-23 00:00:00, $202.54,67457040, $207.19, $210.92, $202.15
2020-07-22 00:00:00, $211.75,49605690, $209.2, $212.3, $208.39
2020-07-21 00:00:00, $208.75,38105780, $213.66, $213.94, $208.03
2020-07-20 00:00:00, $211.6,36884840, $205, $212.3, $203.01
2020-07-17 00:00:00, $202.88,31635280, $204.47, $205.04, $201.39
2020-07-16 00:00:00, $203.92,29940650, $205.4, $205.7, $202.31
2020-07-15 00:00:00, $208.04,32179410, $209.56, $211.33, $205.03
2020-07-14 00:00:00, $208.35,37591820, $206.13, $208.85, $202.03
2020-07-13 00:00:00, $207.07,38135610, $214.48, $215.8, $206.5
2020-07-10 00:00:00, $213.67,26177630, $213.62, $214.08, $211.08
2020-07-09 00:00:00, $214.32,33121680, $216.33, $216.38, $211.47
2020-07-08 00:00:00, $212.83,33600030, $210.07, $213.26, $208.69
2020-07-07 00:00:00, $208.25,33600730, $210.45, $214.67, $207.99
2020-07-06 00:00:00, $210.7,31897630, $208.834, $211.13, $208.09
2020-07-02 00:00:00, $206.26,29315760, $205.68, $208.02, $205
2020-07-01 00:00:00, $204.7,32061210, $203.14, $206.35, $201.77
2020-06-30 00:00:00, $203.51,34310280, $197.882, $204.4, $197.74
2020-06-29 00:00:00, $198.44,26701590, $195.78, $198.53, $193.55
2020-06-26 00:00:00, $196.33,54675780, $199.73, $199.89, $194.88
2020-06-25 00:00:00, $200.34,27803930, $197.8, $200.61, $195.4675
2020-06-24 00:00:00, $197.84,36740650, $201.604, $203.25, $196.56
2020-06-23 00:00:00, $201.91,30917450, $202.09, $203.95, $201.425
2020-06-22 00:00:00, $200.57,32818930, $195.79, $200.76, $195.2301
2020-06-19 00:00:00, $195.15,44441140, $198.59, $199.29, $194.37
2020-06-18 00:00:00, $196.32,23061650, $194, $196.49, $194
2020-06-17 00:00:00, $194.24,25687820, $195.03, $196.32, $193.69
2020-06-16 00:00:00, $193.57,42556660, $192.89, $195.58, $191.46
2020-06-15 00:00:00, $188.94,32770190, $184.58, $190.82, $184.01
2020-06-12 00:00:00, $187.74,43373590, $190.54, $191.72, $185.18
2020-06-11 00:00:00, $186.27,52854670, $193.13, $195.76, $186.07
2020-06-10 00:00:00, $196.84,43872330, $191.125, $198.52, $191.01
2020-06-09 00:00:00, $189.8,29783920, $188, $190.7, $187.2605
2020-06-08 00:00:00, $188.36,33211590, $185.94, $188.55, $184.44
2020-06-05 00:00:00, $187.2,39893640, $182.62, $187.73, $182.01
2020-06-04 00:00:00, $182.92,28761810, $184.3, $185.84, $182.3
2020-06-03 00:00:00, $185.36,27311020, $184.815, $185.94, $183.58
2020-06-02 00:00:00, $184.91,30794590, $184.25, $185, $181.35
2020-06-01 00:00:00, $182.83,22668820, $182.54, $183, $181.46
2020-05-29 00:00:00, $183.25,42146720, $182.73, $184.27, $180.41
2020-05-28 00:00:00, $181.4,33831820, $180.74, $184.1474, $180.38
2020-05-27 00:00:00, $181.81,39517150, $180.2, $181.9877, $176.6
2020-05-26 00:00:00, $181.57,36073610, $186.34, $186.5, $181.1
2020-05-22 00:00:00, $183.51,20826900, $183.19, $184.46, $182.54
2020-05-21 00:00:00, $183.43,29119510, $185.4, $186.67, $183.29
2020-05-20 00:00:00, $185.66,31261330, $184.81, $185.85, $183.94
2020-05-19 00:00:00, $183.63,26799120, $185.03, $186.6, $183.49
2020-05-18 00:00:00, $184.91,35306620, $185.75, $186.2, $183.96
2020-05-15 00:00:00, $183.16,46610380, $179.06, $187.06, $177
2020-05-14 00:00:00, $180.53,41873910, $177.54, $180.69, $175.68
2020-05-13 00:00:00, $179.75,44711490, $182.55, $184.05, $176.54
2020-05-12 00:00:00, $182.51,32038200, $186.8, $187.04, $182.3
2020-05-11 00:00:00, $186.74,30892660, $183.15, $187.51, $182.85
2020-05-08 00:00:00, $184.68,30912640, $184.98, $185, $183.36
2020-05-07 00:00:00, $183.6,28315990, $184.17, $184.55, $182.58
2020-05-06 00:00:00, $182.54,32139300, $182.08, $184.2, $181.6306
2020-05-05 00:00:00, $180.76,36839170, $180.62, $183.65, $179.9
2020-05-04 00:00:00, $178.84,30372860, $174.49, $179, $173.8
2020-05-01 00:00:00, $174.57,39370470, $175.8, $178.64, $174.01
2020-04-30 00:00:00, $179.21,53875860, $180, $180.4, $176.23
2020-04-29 00:00:00, $177.43,51286560, $173.22, $177.68, $171.88
2020-04-28 00:00:00, $169.81,34392690, $175.59, $175.67, $169.39
2020-04-27 00:00:00, $174.05,33194380, $176.59, $176.9, $173.3
2020-04-24 00:00:00, $174.55,34305320, $172.06, $174.56, $170.71
2020-04-23 00:00:00, $171.42,32790800, $174.11, $175.06, $170.91
2020-04-22 00:00:00, $173.52,34651600, $171.39, $174, $170.82
2020-04-21 00:00:00, $167.82,56203750, $173.5, $173.6699, $166.1102
2020-04-20 00:00:00, $175.06,36669560, $176.63, $178.75, $174.99
2020-04-17 00:00:00, $178.6,52765630, $179.5, $180, $175.87
2020-04-16 00:00:00, $177.04,50479610, $174.3, $177.28, $172.9
2020-04-15 00:00:00, $171.88,40940830, $171.2, $173.57, $169.24
2020-04-14 00:00:00, $173.7,52874340, $169, $173.75, $168
2020-04-13 00:00:00, $165.51,41905260, $164.35, $165.57, $162.3
2020-04-09 00:00:00, $165.14,51431780, $166.36, $167.37, $163.33
2020-04-08 00:00:00, $165.13,48318230, $165.67, $166.67, $163.5
2020-04-07 00:00:00, $163.49,62769040, $169.585, $170, $163.26
2020-04-06 00:00:00, $165.27,67111700, $160.32, $166.5, $157.58
2020-04-03 00:00:00, $153.83,41243280, $155.1, $157.38, $152.19
2020-04-02 00:00:00, $155.26,49630740, $151.86, $155.48, $150.36
2020-04-01 00:00:00, $152.11,57969930, $153, $157.75, $150.82
2020-03-31 00:00:00, $157.71,77927190, $159.4, $164.78, $156.56
2020-03-30 00:00:00, $160.23,63420330, $152.44, $160.6, $150.01
2020-03-27 00:00:00, $149.7,57042290, $151.75, $154.89, $149.2
2020-03-26 00:00:00, $156.11,64694430, $148.4, $156.66, $148.37
2020-03-25 00:00:00, $146.92,75638220, $148.91, $154.33, $144.44
2020-03-24 00:00:00, $148.34,82516730, $143.75, $149.6, $141.27
2020-03-23 00:00:00, $135.98,78975180, $137.01, $140.57, $132.52
2020-03-20 00:00:00, $137.35,84866220, $146, $147.1, $135.86
2020-03-19 00:00:00, $142.71,85922660, $142.77, $150.15, $139
2020-03-18 00:00:00, $140.4,81593170, $138, $146, $135.02
2020-03-17 00:00:00, $146.57,81059820, $140, $147.4998, $135
2020-03-16 00:00:00, $135.42,87905870, $140, $149.35, $135
2020-03-13 00:00:00, $158.83,92727450, $147.5, $161.91, $140.73
2020-03-12 00:00:00, $139.06,93226370, $145.3, $153.47, $138.58
2020-03-11 00:00:00, $153.63,56504300, $157.13, $157.7, $151.15
2020-03-10 00:00:00, $160.92,65354390, $158.16, $161.03, $152.58
2020-03-09 00:00:00, $150.62,70419270, $151, $157.75, $150
2020-03-06 00:00:00, $161.57,72821060, $162.61, $163.11, $156
2020-03-05 00:00:00, $166.27,47817250, $166.045, $170.87, $165.69
2020-03-04 00:00:00, $170.55,49814380, $168.485, $170.7, $165.62
2020-03-03 00:00:00, $164.51,71677020, $173.8, $175, $162.26
2020-03-02 00:00:00, $172.79,71030810, $165.31, $172.92, $162.31
2020-02-28 00:00:00, $162.01,97073560, $152.41, $163.71, $152
2020-02-27 00:00:00, $158.18,93174910, $163.32, $167.03, $157.98
2020-02-26 00:00:00, $170.17,56387150, $169.71, $173.26, $168.21
2020-02-25 00:00:00, $168.07,68073300, $174.2, $174.84, $167.6462
2020-02-24 00:00:00, $170.89,68311070, $167.77, $174.55, $163.23
2020-02-21 00:00:00, $178.59,48600390, $183.17, $183.5, $177.25
2020-02-20 00:00:00, $184.42,36862380, $186.95, $187.25, $181.1
2020-02-19 00:00:00, $187.28,29997470, $188.06, $188.18, $186.47
2020-02-18 00:00:00, $187.23,27853110, $185.605, $187.7, $185.5
2020-02-14 00:00:00, $185.35,23149520, $183.25, $185.41, $182.65
2020-02-13 00:00:00, $183.71,35295830, $183.08, $186.23, $182.872
2020-02-12 00:00:00, $184.71,47062920, $185.58, $185.85, $181.85
2020-02-11 00:00:00, $184.44,53159910, $190.65, $190.7, $183.5
2020-02-10 00:00:00, $188.7,35844270, $183.58, $188.84, $183.25
2020-02-07 00:00:00, $183.89,33529070, $182.845, $185.63, $182.48
2020-02-06 00:00:00, $183.63,27751380, $180.97, $183.8199, $180.059
2020-02-05 00:00:00, $179.9,39186320, $184.03, $184.2, $178.4101
2020-02-04 00:00:00, $180.12,36433340, $177.14, $180.64, $176.31
2020-02-03 00:00:00, $174.38,30149050, $170.43, $174.5, $170.4
2020-01-31 00:00:00, $170.23,36142690, $172.21, $172.4, $169.58
2020-01-30 00:00:00, $172.78,51597470, $174.05, $174.05, $170.79
2020-01-29 00:00:00, $168.04,35127770, $167.84, $168.75, $165.69
2020-01-28 00:00:00, $165.46,24899940, $163.78, $165.755, $163.073
2020-01-27 00:00:00, $162.28,32078070, $161.15, $163.375, $160.2
2020-01-24 00:00:00, $165.04,24918120, $167.51, $167.53, $164.45
2020-01-23 00:00:00, $166.72,19680770, $166.19, $166.8, $165.27
2020-01-22 00:00:00, $165.7,24138780, $167.4, $167.49, $165.68
2020-01-21 00:00:00, $166.5,29517190, $166.68, $168.19, $166.43
2020-01-17 00:00:00, $167.1,34371660, $167.42, $167.4675, $165.43
2020-01-16 00:00:00, $166.17,23865360, $164.35, $166.24, $164.03
2020-01-15 00:00:00, $163.18,21417870, $162.62, $163.94, $162.57
2020-01-14 00:00:00, $162.13,23500780, $163.39, $163.6, $161.72
2020-01-13 00:00:00, $163.28,21637010, $161.76, $163.31, $161.26
2020-01-10 00:00:00, $161.34,20733950, $162.824, $163.22, $161.18
2020-01-09 00:00:00, $162.09,21399950, $161.835, $162.215, $161.03
2020-01-08 00:00:00, $160.09,27762030, $158.93, $160.8, $157.9491
2020-01-07 00:00:00, $157.58,21881740, $159.32, $159.67, $157.32
2020-01-06 00:00:00, $159.03,20826700, $157.08, $159.1, $156.51
2020-01-03 00:00:00, $158.62,21121680, $158.32, $159.945, $158.06
2020-01-02 00:00:00, $160.62,22634550, $158.78, $160.73, $158.33
2019-12-31 00:00:00, $157.7,18393380, $156.77, $157.77, $156.45
2019-12-30 00:00:00, $157.59,16356720, $158.987, $159.02, $156.73
2019-12-27 00:00:00, $158.96,18414350, $159.45, $159.55, $158.22
2019-12-26 00:00:00, $158.67,14526930, $157.56, $158.73, $157.4
2019-12-24 00:00:00, $157.38,8989150, $157.48, $157.71, $157.115
2019-12-23 00:00:00, $157.41,17726280, $158.12, $158.12, $157.27
2019-12-20 00:00:00, $157.41,53599610, $157.35, $158.49, $156.29
2019-12-19 00:00:00, $155.71,25813830, $154, $155.77, $153.75
2019-12-18 00:00:00, $154.37,24132380, $154.3, $155.48, $154.18
2019-12-17 00:00:00, $154.69,25443530, $155.45, $155.71, $154.45
2019-12-16 00:00:00, $155.53,24152770, $155.11, $155.9, $154.82
2019-12-13 00:00:00, $154.53,23850060, $153.004, $154.89, $152.83
2019-12-12 00:00:00, $153.24,24645370, $151.65, $153.44, $151.02
2019-12-11 00:00:00, $151.7,18860000, $151.54, $151.87, $150.33
2019-12-10 00:00:00, $151.13,16481060, $151.29, $151.89, $150.765
2019-12-09 00:00:00, $151.36,16741350, $151.07, $152.21, $150.91
2019-12-06 00:00:00, $151.75,16410400, $150.99, $151.87, $150.27
2019-12-05 00:00:00, $149.93,17880600, $150.05, $150.32, $149.48
2019-12-04 00:00:00, $149.85,17580620, $150.14, $150.1799, $149.2
2019-12-03 00:00:00, $149.31,25192150, $147.49, $149.43, $146.65
2019-12-02 00:00:00, $149.55,27473620, $151.81, $151.83, $148.32
2019-11-29 00:00:00, $151.38,11977300, $152.1, $152.3, $151.28
2019-11-27 00:00:00, $152.32,15201290, $152.33, $152.5, $151.52
2019-11-26 00:00:00, $152.03,24635100, $151.36, $152.42, $151.32
2019-11-25 00:00:00, $151.23,22428590, $150, $151.35, $149.92
2019-11-22 00:00:00, $149.59,15841680, $150.07, $150.3, $148.82
2019-11-21 00:00:00, $149.48,18576080, $149.4, $149.8, $148.501
2019-11-20 00:00:00, $149.62,25720060, $150.31, $150.84, $148.46
2019-11-19 00:00:00, $150.39,23960160, $150.88, $151.33, $150.195
2019-11-18 00:00:00, $150.34,21554760, $150.07, $150.55, $148.98
2019-11-15 00:00:00, $149.97,23508810, $148.93, $149.99, $148.27
2019-11-14 00:00:00, $148.06,19755100, $147.02, $148.41, $147
2019-11-13 00:00:00, $147.31,17444230, $146.74, $147.4625, $146.28
2019-11-12 00:00:00, $147.07,18648710, $146.28, $147.57, $146.06
2019-11-11 00:00:00, $146.11,14370180, $145.34, $146.42, $144.73
2019-11-08 00:00:00, $145.96,16752940, $143.98, $145.99, $143.76
2019-11-07 00:00:00, $144.26,17786720, $143.84, $144.88, $143.77
2019-11-06 00:00:00, $144.06,16575800, $144.37, $144.52, $143.2
2019-11-05 00:00:00, $144.46,18250170, $144.97, $145.02, $143.905
2019-11-04 00:00:00, $144.55,16912000, $144.83, $145, $144.16
2019-11-01 00:00:00, $143.72,33128370, $144.26, $144.42, $142.965
2019-10-31 00:00:00, $143.37,24605140, $144.9, $144.93, $142.99
2019-10-30 00:00:00, $144.61,18496590, $143.52, $145, $142.79
2019-10-29 00:00:00, $142.83,20589470, $144.08, $144.5, $142.65
2019-10-28 00:00:00, $144.19,35280140, $144.4, $145.67, $143.51
2019-10-25 00:00:00, $140.73,25959720, $139.34, $141.14, $139.2
2019-10-24 00:00:00, $139.94,37278400, $139.39, $140.42, $138.67
2019-10-23 00:00:00, $137.24,31380310, $136.88, $137.45, $135.61
2019-10-22 00:00:00, $136.37,27935270, $138.97, $140.01, $136.26
2019-10-21 00:00:00, $138.43,20716040, $138.45, $138.5, $137.01
2019-10-18 00:00:00, $137.41,32284430, $139.76, $140, $136.56
2019-10-17 00:00:00, $139.69,22102800, $140.95, $141.42, $139.02
2019-10-16 00:00:00, $140.41,20841690, $140.79, $140.99, $139.53
2019-10-15 00:00:00, $141.575,19917760, $140.06, $141.79, $139.81
2019-10-14 00:00:00, $139.55,13591640, $139.69, $140.29, $139.52
2019-10-11 00:00:00, $139.68,25551070, $140.12, $141.03, $139.5
2019-10-10 00:00:00, $139.1,18396610, $138.49, $139.6699, $138.25
2019-10-09 00:00:00, $138.24,20178480, $137.46, $138.7, $136.97
2019-10-08 00:00:00, $135.67,26783340, $137.08, $137.76, $135.62
2019-10-07 00:00:00, $137.12,16601280, $137.14, $138.18, $137.02
2019-10-04 00:00:00, $138.12,23839550, $136.75, $138.25, $136.42
2019-10-03 00:00:00, $136.28,26379800, $134.95, $136.75, $133.22
2019-10-02 00:00:00, $134.65,32001760, $136.25, $136.37, $133.5799
2019-10-01 00:00:00, $137.07,22581930, $139.66, $140.25, $137
2019-09-30 00:00:00, $139.03,18430390, $138.05, $139.215, $137.78
2019-09-27 00:00:00, $137.73,22498960, $140.15, $140.36, $136.645
2019-09-26 00:00:00, $139.54,17813510, $139.44, $140.18, $138.44
2019-09-25 00:00:00, $139.36,22544050, $137.5, $139.958, $136.03
2019-09-24 00:00:00, $137.38,30016670, $140.36, $140.69, $136.88
2019-09-23 00:00:00, $139.14,17408370, $139.23, $139.63, $138.44
2019-09-20 00:00:00, $139.44,40040770, $141.01, $141.65, $138.25
2019-09-19 00:00:00, $141.07,36095410, $140.3, $142.37, $140.0736
2019-09-18 00:00:00, $138.52,24473390, $137.36, $138.67, $136.5299
2019-09-17 00:00:00, $137.39,17976290, $136.96, $137.52, $136.425
2019-09-16 00:00:00, $136.33,16731440, $135.83, $136.7, $135.66
2019-09-13 00:00:00, $137.32,23363060, $137.78, $138.06, $136.57
2019-09-12 00:00:00, $137.52,27009980, $137.85, $138.42, $136.87
2019-09-11 00:00:00, $136.12,24726120, $135.91, $136.27, $135.09
2019-09-10 00:00:00, $136.08,28903380, $136.8, $136.8862, $134.51
2019-09-09 00:00:00, $137.52,25773930, $139.59, $139.75, $136.46
2019-09-06 00:00:00, $139.1,20824500, $140.03, $140.18, $138.2
2019-09-05 00:00:00, $140.05,26119520, $139.11, $140.3837, $138.76
2019-09-04 00:00:00, $137.63,18015310, $137.3, $137.69, $136.48
2019-09-03 00:00:00, $136.04,18880770, $136.61, $137.2, $135.7
2019-08-30 00:00:00, $137.86,23946120, $139.15, $139.18, $136.27
2019-08-29 00:00:00, $138.12,20179720, $137.25, $138.44, $136.91
2019-08-28 00:00:00, $135.56,17410830, $134.88, $135.76, $133.55
2019-08-27 00:00:00, $135.74,23115640, $136.39, $136.72, $134.66
2019-08-26 00:00:00, $135.45,20325270, $134.99, $135.56, $133.9
2019-08-23 00:00:00, $133.39,38515390, $137.19, $138.35, $132.8
2019-08-22 00:00:00, $137.78,18709660, $138.66, $139.2, $136.29
2019-08-21 00:00:00, $138.79,14982310, $138.55, $139.4935, $138
2019-08-20 00:00:00, $137.26,21189000, $138.21, $138.71, $137.24
2019-08-19 00:00:00, $138.41,24370540, $137.855, $138.55, $136.885
2019-08-16 00:00:00, $136.13,25026150, $134.88, $136.46, $134.72
2019-08-15 00:00:00, $133.68,28125420, $134.39, $134.58, $132.25
2019-08-14 00:00:00, $133.98,32527250, $136.36, $136.92, $133.67
2019-08-13 00:00:00, $138.6,25496590, $136.05, $138.8, $135
2019-08-12 00:00:00, $135.79,20484350, $137.07, $137.86, $135.24
2019-08-09 00:00:00, $137.71,23466700, $138.61, $139.38, $136.46
2019-08-08 00:00:00, $138.89,27496510, $136.6, $138.99, $135.93
2019-08-07 00:00:00, $135.28,33414540, $133.79, $135.65, $131.8284
2019-08-06 00:00:00, $134.69,32696650, $133.8, $135.68, $133.21
2019-08-05 00:00:00, $132.21,42749550, $133.3, $133.9298, $130.78
2019-08-02 00:00:00, $136.9,30791620, $138.09, $138.32, $135.26
2019-08-01 00:00:00, $138.06,40557500, $137, $140.9383, $136.93
2019-07-31 00:00:00, $136.27,38598790, $140.33, $140.49, $135.08
2019-07-30 00:00:00, $140.35,16846530, $140.14, $141.2199, $139.8005
2019-07-29 00:00:00, $141.03,16605870, $141.5, $141.51, $139.3663
2019-07-26 00:00:00, $141.34,19037600, $140.37, $141.675, $140.3
2019-07-25 00:00:00, $140.19,18356880, $140.43, $140.61, $139.3215
2019-07-24 00:00:00, $140.72,20738280, $138.9, $140.74, $138.85
2019-07-23 00:00:00, $139.29,18034590, $139.76, $139.99, $138.03
2019-07-22 00:00:00, $138.43,25080760, $137.41, $139.19, $137.33
2019-07-19 00:00:00, $136.62,48992360, $140.22, $140.67, $136.45
2019-07-18 00:00:00, $136.42,30808710, $135.55, $136.62, $134.67
2019-07-17 00:00:00, $136.27,20210960, $137.7, $137.93, $136.22
2019-07-16 00:00:00, $137.08,22726130, $138.96, $139.05, $136.52
2019-07-15 00:00:00, $138.9,16651460, $139.44, $139.54, $138.46
2019-07-12 00:00:00, $138.9,18936830, $138.85, $139.13, $138.0099
2019-07-11 00:00:00, $138.4,22327940, $138.2, $139.22, $137.87
2019-07-10 00:00:00, $137.85,24204360, $137.13, $138.58, $137.02
2019-07-09 00:00:00, $136.46,19953100, $136, $136.97, $135.8
2019-07-08 00:00:00, $136.96,16779750, $136.4, $137.1, $135.3701
2019-07-05 00:00:00, $137.06,18141140, $135.94, $137.33, $135.72
2019-07-03 00:00:00, $137.46,13629300, $136.8, $137.74, $136.295
2019-07-02 00:00:00, $136.58,15237840, $136.12, $136.59, $135.34
2019-07-01 00:00:00, $135.68,22654160, $136.63, $136.7, $134.97
2019-06-28 00:00:00, $133.96,30042970, $134.57, $134.6, $133.1558
2019-06-27 00:00:00, $134.15,16557480, $134.14, $134.71, $133.51
2019-06-26 00:00:00, $133.93,23657750, $134.35, $135.74, $133.6
2019-06-25 00:00:00, $133.43,33327420, $137.25, $137.59, $132.73
2019-06-24 00:00:00, $137.78,20628840, $137, $138.4, $137
2019-06-21 00:00:00, $136.97,36727890, $136.58, $137.73, $136.46
2019-06-20 00:00:00, $136.95,33042590, $137.45, $137.66, $135.72
2019-06-19 00:00:00, $135.69,23744440, $135, $135.93, $133.81
2019-06-18 00:00:00, $135.16,25934460, $134.19, $135.24, $133.57
2019-06-17 00:00:00, $132.85,14517790, $132.63, $133.73, $132.53
2019-06-14 00:00:00, $132.45,17821700, $132.26, $133.79, $131.64
2019-06-13 00:00:00, $132.32,17200850, $131.98, $132.67, $131.56
2019-06-12 00:00:00, $131.49,17092460, $131.4, $131.97, $130.71
2019-06-11 00:00:00, $132.1,23913730, $133.88, $134.24, $131.2757
2019-06-10 00:00:00, $132.6,26477100, $132.4, $134.08, $132
2019-06-07 00:00:00, $131.4,33885590, $129.19, $132.25, $128.26
2019-06-06 00:00:00, $127.82,21458960, $126.44, $127.97, $125.6
2019-06-05 00:00:00, $125.83,24926140, $124.95, $125.87, $124.21
2019-06-04 00:00:00, $123.16,29382640, $121.28, $123.28, $120.6522
2019-06-03 00:00:00, $119.84,37983640, $123.85, $124.37, $119.01
2019-05-31 00:00:00, $123.68,26646770, $124.23, $124.615, $123.32
2019-05-30 00:00:00, $125.73,16829610, $125.26, $125.76, $124.78
2019-05-29 00:00:00, $124.94,22763140, $125.38, $125.39, $124.04
2019-05-28 00:00:00, $126.16,23128360, $126.98, $128, $126.05
2019-05-24 00:00:00, $126.24,14123360, $126.91, $127.415, $125.97
2019-05-23 00:00:00, $126.18,23603810, $126.2, $126.29, $124.74
2019-05-22 00:00:00, $127.67,15396490, $126.62, $128.24, $126.52
2019-05-21 00:00:00, $126.9,15293260, $127.43, $127.5273, $126.58
2019-05-20 00:00:00, $126.22,23706930, $126.52, $127.5894, $125.7607
2019-05-17 00:00:00, $128.07,25770540, $128.305, $130.46, $127.92
2019-05-16 00:00:00, $128.93,30112220, $126.75, $129.38, $126.46
2019-05-15 00:00:00, $126.02,24722710, $124.26, $126.71, $123.7
2019-05-14 00:00:00, $124.73,25266320, $123.87, $125.88, $123.7
2019-05-13 00:00:00, $123.35,33944920, $124.11, $125.55, $123.04
2019-05-10 00:00:00, $127.13,30915080, $124.91, $127.93, $123.82
2019-05-09 00:00:00, $125.5,27235840, $124.29, $125.79, $123.57
2019-05-08 00:00:00, $125.51,28419000, $125.44, $126.37, $124.75
2019-05-07 00:00:00, $125.52,36017660, $126.46, $127.18, $124.22
2019-05-06 00:00:00, $128.15,24239460, $126.39, $128.56, $126.11
2019-05-03 00:00:00, $128.9,24911130, $127.36, $129.43, $127.25
2019-05-02 00:00:00, $126.21,27350160, $127.98, $128, $125.52
2019-05-01 00:00:00, $127.88,26821690, $130.53, $130.65, $127.7
2019-04-30 00:00:00, $130.6,24041490, $129.81, $130.7, $129.3947
2019-04-29 00:00:00, $129.77,16179580, $129.9, $130.18, $129.35
2019-04-26 00:00:00, $129.89,23306180, $129.7, $130.5152, $129.02
2019-04-25 00:00:00, $129.15,37927120, $130.06, $131.37, $128.83
2019-04-24 00:00:00, $125.01,29919920, $125.79, $125.85, $124.52
2019-04-23 00:00:00, $125.44,23539620, $124.1, $125.58, $123.83
2019-04-22 00:00:00, $123.76,14825150, $122.62, $124, $122.57
2019-04-18 00:00:00, $123.37,27651970, $122.19, $123.52, $121.3018
2019-04-17 00:00:00, $121.77,19012080, $121.24, $121.85, $120.54
2019-04-16 00:00:00, $120.77,14054870, $121.64, $121.65, $120.1
2019-04-15 00:00:00, $121.05,15526260, $120.94, $121.58, $120.57
2019-04-12 00:00:00, $120.95,19719730, $120.64, $120.98, $120.37
2019-04-11 00:00:00, $120.33,13758010, $120.54, $120.85, $119.92
2019-04-10 00:00:00, $120.19,14540330, $119.76, $120.35, $119.54
2019-04-09 00:00:00, $119.28,17275470, $118.63, $119.54, $118.58
2019-04-08 00:00:00, $119.93,15113170, $119.81, $120.02, $118.64
2019-04-05 00:00:00, $119.89,15737990, $119.39, $120.23, $119.37
2019-04-04 00:00:00, $119.36,20090610, $120.1, $120.23, $118.38
2019-04-03 00:00:00, $119.97,22354020, $119.86, $120.43, $119.15
2019-04-02 00:00:00, $119.19,16413430, $119.06, $119.48, $118.52
2019-04-01 00:00:00, $119.02,19885780, $118.95, $119.1085, $118.1
2019-03-29 00:00:00, $117.94,25375220, $118.07, $118.32, $116.96
2019-03-28 00:00:00, $116.93,17527550, $117.44, $117.58, $116.13
2019-03-27 00:00:00, $116.77,22669440, $117.875, $118.21, $115.5215
2019-03-26 00:00:00, $117.91,25986230, $118.62, $118.705, $116.85
2019-03-25 00:00:00, $117.66,26641480, $116.56, $118.01, $116.3224
2019-03-22 00:00:00, $117.05,32346990, $119.5, $119.59, $117.04
2019-03-21 00:00:00, $120.22,29747140, $117.135, $120.82, $117.09
2019-03-20 00:00:00, $117.52,26110540, $117.39, $118.75, $116.71
2019-03-19 00:00:00, $117.65,35304130, $118.09, $118.44, $116.99
2019-03-18 00:00:00, $117.57,31098780, $116.17, $117.61, $116.05
2019-03-15 00:00:00, $115.91,54025470, $115.34, $117.25, $114.59
2019-03-14 00:00:00, $114.59,30414810, $114.54, $115.2, $114.33
2019-03-13 00:00:00, $114.5,35311160, $114.13, $115, $113.78
2019-03-12 00:00:00, $113.62,26103480, $112.82, $113.99, $112.6499
2019-03-11 00:00:00, $112.83,24525610, $110.99, $112.95, $110.98
2019-03-08 00:00:00, $110.51,22803110, $109.16, $110.71, $108.8
2019-03-07 00:00:00, $110.39,25320540, $111.4, $111.55, $109.865
2019-03-06 00:00:00, $111.75,17651130, $111.87, $112.66, $111.43
2019-03-05 00:00:00, $111.7,19090780, $112.25, $112.39, $111.23
2019-03-04 00:00:00, $112.26,25869380, $113.02, $113.25, $110.8
2019-03-01 00:00:00, $112.53,20821260, $112.89, $113.02, $111.665
2019-02-28 00:00:00, $112.03,28948570, $112.04, $112.88, $111.73
2019-02-27 00:00:00, $112.17,21471170, $111.69, $112.36, $110.88
2019-02-26 00:00:00, $112.36,21513210, $111.26, $113.24, $111.17
2019-02-25 00:00:00, $111.59,23723500, $111.76, $112.18, $111.26
2019-02-22 00:00:00, $110.97,27746840, $110.05, $111.2, $109.82
2019-02-21 00:00:00, $109.41,28856200, $106.9, $109.48, $106.87
2019-02-20 00:00:00, $107.15,21603580, $107.86, $107.94, $106.29
2019-02-19 00:00:00, $108.17,17982860, $107.79, $108.66, $107.78
2019-02-15 00:00:00, $108.22,26589160, $107.91, $108.3, $107.3624
2019-02-14 00:00:00, $106.9,21745770, $106.31, $107.29, $105.66
2019-02-13 00:00:00, $106.81,18337830, $107.5, $107.78, $106.71
2019-02-12 00:00:00, $106.89,25018670, $106.14, $107.14, $105.48
2019-02-11 00:00:00, $105.25,18753750, $106.2, $106.58, $104.965
2019-02-08 00:00:00, $105.67,21453990, $104.39, $105.78, $104.2603
2019-02-07 00:00:00, $105.27,29735930, $105.185, $105.59, $104.29
2019-02-06 00:00:00, $106.03,20577980, $107, $107, $105.53
2019-02-05 00:00:00, $107.22,27270810, $106.06, $107.27, $105.96
2019-02-04 00:00:00, $105.74,31216260, $102.87, $105.8, $102.77
2019-02-01 00:00:00, $102.78,35243730, $103.775, $104.0999, $102.35
2019-01-31 00:00:00, $104.43,55442870, $103.8, $105.22, $103.18
2019-01-30 00:00:00, $106.38,47203190, $104.62, $106.38, $104.33
2019-01-29 00:00:00, $102.94,31262200, $104.88, $104.97, $102.17
2019-01-28 00:00:00, $105.08,29402020, $106.26, $106.48, $104.66
2019-01-25 00:00:00, $107.17,31182240, $107.24, $107.88, $106.59
2019-01-24 00:00:00, $106.2,23125910, $106.86, $107, $105.34
2019-01-23 00:00:00, $106.71,25512110, $106.12, $107.04, $105.34
2019-01-22 00:00:00, $105.68,32092050, $106.75, $107.1, $104.86
2019-01-18 00:00:00, $107.71,37299850, $107.46, $107.9, $105.91
2019-01-17 00:00:00, $106.12,27151570, $105, $106.625, $104.76
2019-01-16 00:00:00, $105.38,29655860, $105.26, $106.255, $104.96
2019-01-15 00:00:00, $105.01,31537490, $102.51, $105.05, $101.88
2019-01-14 00:00:00, $102.05,27194560, $101.9, $102.8716, $101.26
2019-01-11 00:00:00, $102.8,28235260, $103.19, $103.44, $101.64
2019-01-10 00:00:00, $103.6,29978930, $103.22, $103.75, $102.38
2019-01-09 00:00:00, $104.27,32261890, $103.86, $104.88, $103.2445
2019-01-08 00:00:00, $102.8,31322920, $103.04, $103.97, $101.7134
2019-01-07 00:00:00, $102.06,35567820, $101.64, $103.2681, $100.98
2019-01-04 00:00:00, $101.93,43982700, $99.72, $102.51, $98.93
2019-01-03 00:00:00, $97.4,42111650, $100.1, $100.185, $97.2
2019-01-02 00:00:00, $101.12,35145360, $99.55, $101.75, $98.94
2018-12-31 00:00:00, $101.57,33161320, $101.29, $102.4, $100.44
2018-12-28 00:00:00, $100.39,38160810, $102.09, $102.41, $99.52
2018-12-27 00:00:00, $101.18,49162950, $99.3, $101.19, $96.4
2018-12-26 00:00:00, $100.56,51330280, $95.14, $100.69, $93.96
2018-12-24 00:00:00, $94.13,43935190, $97.68, $97.97, $93.98
2018-12-21 00:00:00, $98.23,110945000, $101.63, $103, $97.46
2018-12-20 00:00:00, $101.51,70221500, $103.05, $104.31, $98.78
2018-12-19 00:00:00, $103.69,68110780, $103.65, $106.88, $101.35
2018-12-18 00:00:00, $103.97,48033550, $103.75, $104.51, $102.52
2018-12-17 00:00:00, $102.89,56837160, $105.41, $105.8, $101.71
2018-12-14 00:00:00, $106.03,46961130, $108.25, $109.26, $105.5
2018-12-13 00:00:00, $109.45,30600890, $109.58, $110.87, $108.63
2018-12-12 00:00:00, $109.08,36169700, $110.89, $111.27, $109.04
2018-12-11 00:00:00, $108.59,42342240, $109.8, $110.95, $107.44
2018-12-10 00:00:00, $107.59,40463870, $104.8, $107.98, $103.89
2018-12-07 00:00:00, $104.82,44391210, $108.38, $109.45, $104.3
2018-12-06 00:00:00, $109.19,47866160, $105.82, $109.24, $105
2018-12-04 00:00:00, $108.52,44572140, $111.94, $112.6373, $108.2115
2018-12-03 00:00:00, $112.09,34293960, $113, $113.42, $110.73
2018-11-30 00:00:00, $110.89,33652230, $110.7, $110.97, $109.36
2018-11-29 00:00:00, $110.19,27792540, $110.33, $111.115, $109.03
2018-11-28 00:00:00, $111.12,46132310, $107.89, $111.33, $107.86
2018-11-27 00:00:00, $107.14,29063180, $106.27, $107.33, $105.36
2018-11-26 00:00:00, $106.47,32258530, $104.79, $106.63, $104.58
2018-11-23 00:00:00, $103.07,13823100, $102.17, $103.8099, $102
2018-11-21 00:00:00, $103.11,28121990, $103.6, $104.43, $102.24
2018-11-20 00:00:00, $101.71,63988520, $101.8, $102.97, $99.3528
2018-11-19 00:00:00, $104.62,43324610, $108.27, $108.56, $103.55
2018-11-16 00:00:00, $108.29,33494830, $107.08, $108.88, $106.8
2018-11-15 00:00:00, $107.28,38430970, $104.99, $107.8, $103.91
2018-11-14 00:00:00, $104.97,39451290, $108.1, $108.26, $104.47
2018-11-13 00:00:00, $106.94,35360680, $107.55, $108.74, $106.64
2018-11-12 00:00:00, $106.87,33595910, $109.42, $109.96, $106.1
2018-11-09 00:00:00, $109.57,32011930, $110.85, $111.45, $108.76
2018-11-08 00:00:00, $111.75,25479410, $111.8, $112.21, $110.91
2018-11-07 00:00:00, $111.96,37864220, $109.44, $112.24, $109.4
2018-11-06 00:00:00, $107.72,24217640, $107.38, $108.84, $106.28
2018-11-05 00:00:00, $107.51,27908600, $106.37, $107.74, $105.9
2018-11-02 00:00:00, $106.16,37591700, $106.48, $107.32, $104.975
2018-11-01 00:00:00, $105.92,33243300, $107.05, $107.32, $105.53
2018-10-31 00:00:00, $106.81,51042220, $105.435, $108.14, $105.39
2018-10-30 00:00:00, $103.73,65273360, $103.66, $104.38, $100.11
2018-10-29 00:00:00, $103.85,55101300, $108.105, $108.7, $101.63
2018-10-26 00:00:00, $106.96,55480820, $105.69, $108.75, $104.76
2018-10-25 00:00:00, $108.3,61550620, $106.55, $109.27, $106.15
2018-10-24 00:00:00, $102.32,63236450, $108.41, $108.49, $101.5901
2018-10-23 00:00:00, $108.1,43531680, $107.77, $108.97, $105.11
2018-10-22 00:00:00, $109.63,26484510, $109.32, $110.54, $108.24
2018-10-19 00:00:00, $108.66,32751070, $108.93, $110.86, $108.21
2018-10-18 00:00:00, $108.5,31794350, $110.1, $110.53, $107.83
2018-10-17 00:00:00, $110.71,25873980, $111.68, $111.81, $109.5482
2018-10-16 00:00:00, $111,31154210, $109.54, $111.41, $108.95
2018-10-15 00:00:00, $107.6,32001580, $108.91, $109.48, $106.9468
2018-10-12 00:00:00, $109.57,46718940, $109.01, $111.24, $107.12
2018-10-11 00:00:00, $105.91,63629560, $105.35, $108.93, $104.2
2018-10-10 00:00:00, $106.16,60560740, $111.24, $111.5, $105.79
2018-10-09 00:00:00, $112.26,26187200, $111.14, $113.08, $110.8
2018-10-08 00:00:00, $110.85,29477750, $111.66, $112.03, $109.34
2018-10-05 00:00:00, $112.13,29062670, $112.63, $113.17, $110.64
2018-10-04 00:00:00, $112.79,34475710, $114.61, $114.7588, $111.63
2018-10-03 00:00:00, $115.17,16130010, $115.42, $116.18, $114.93
2018-10-02 00:00:00, $115.15,20180030, $115.3, $115.84, $114.44
2018-10-01 00:00:00, $115.61,18610500, $114.75, $115.68, $114.73
2018-09-28 00:00:00, $114.37,20525950, $114.19, $114.57, $113.68
2018-09-27 00:00:00, $114.41,19053590, $114.78, $114.91, $114.2
2018-09-26 00:00:00, $113.98,19322530, $114.47, $115.055, $113.74
2018-09-25 00:00:00, $114.45,20782110, $114.8, $115.1, $113.75
2018-09-24 00:00:00, $114.67,25273510, $113.03, $114.9, $112.2175
2018-09-21 00:00:00, $114.26,70363000, $114, $115.29, $113.51
2018-09-20 00:00:00, $113.57,23667500, $112.28, $113.8, $111.93
2018-09-19 00:00:00, $111.7,21663020, $113.05, $113.32, $111.035
2018-09-18 00:00:00, $113.21,22114560, $112.19, $113.695, $111.72
2018-09-17 00:00:00, $112.14,20332830, $113.69, $113.7, $111.86
2018-09-14 00:00:00, $113.37,18261950, $113.36, $113.73, $112.44
2018-09-13 00:00:00, $112.91,25107230, $112.12, $113.725, $112.12
2018-09-12 00:00:00, $111.71,18855340, $111.43, $111.85, $110.51
2018-09-11 00:00:00, $111.24,24081240, $108.9, $111.59, $108.89
2018-09-10 00:00:00, $109.38,19887280, $108.84, $109.64, $108.36
2018-09-07 00:00:00, $108.21,22273530, $108.23, $108.7248, $107.23
2018-09-06 00:00:00, $108.74,23226430, $108.25, $108.99, $107.51
2018-09-05 00:00:00, $108.49,32838650, $111.01, $111.42, $108.1
2018-09-04 00:00:00, $111.71,22558040, $110.85, $111.955, $110.22
2018-08-31 00:00:00, $112.33,23217310, $111.685, $112.777, $111.515
2018-08-30 00:00:00, $111.95,22759640, $111.67, $112.61, $111.44
2018-08-29 00:00:00, $112.02,20747500, $110.45, $112.03, $110.27
2018-08-28 00:00:00, $110.26,19144860, $109.94, $110.5, $109.79
2018-08-27 00:00:00, $109.6,19439380, $109.27, $109.64, $108.51
2018-08-24 00:00:00, $108.4,17188010, $107.67, $108.56, $107.56
2018-08-23 00:00:00, $107.56,17996860, $107.15, $108.18, $106.87
2018-08-22 00:00:00, $107.06,17878840, $105.85, $107.34, $105.78
2018-08-21 00:00:00, $105.98,22825830, $106.92, $107.35, $105.85
2018-08-20 00:00:00, $106.87,17327110, $107.51, $107.9, $106.48
2018-08-17 00:00:00, $107.58,18051970, $107.36, $107.9, $106.69
2018-08-16 00:00:00, $107.64,20687500, $108.3, $108.86, $107.3
2018-08-15 00:00:00, $107.66,29947600, $108.49, $108.985, $106.82
2018-08-14 00:00:00, $109.56,16777990, $108.56, $109.75, $108.04
2018-08-13 00:00:00, $108.21,18470690, $109.24, $109.58, $108.1
2018-08-10 00:00:00, $109,18171350, $109.42, $109.69, $108.38
2018-08-09 00:00:00, $109.67,13634510, $109.71, $110.16, $109.6
2018-08-08 00:00:00, $109.49,15461420, $109.33, $109.75, $108.7599
2018-08-07 00:00:00, $108.88,16070070, $108.56, $109.1, $108.17
2018-08-06 00:00:00, $108.13,20234680, $108.12, $108.42, $107.559
2018-08-03 00:00:00, $108.04,18629310, $107.8, $108.05, $106.82
2018-08-02 00:00:00, $107.57,26080740, $105.4, $108.09, $104.84
2018-08-01 00:00:00, $106.28,23617980, $106.03, $106.446, $105.42
2018-07-31 00:00:00, $106.08,27181070, $106.49, $106.72, $105.38
2018-07-30 00:00:00, $105.37,34495720, $107.19, $107.53, $104.76
2018-07-27 00:00:00, $107.68,36916780, $110.18, $110.18, $106.14
2018-07-26 00:00:00, $109.62,31332820, $110.74, $111, $109.5
2018-07-25 00:00:00, $110.83,30586770, $107.955, $111.15, $107.6
2018-07-24 00:00:00, $107.66,26308190, $108.57, $108.82, $107.26
2018-07-23 00:00:00, $107.97,29226800, $106.3, $108.14, $106.13
2018-07-20 00:00:00, $106.27,55999890, $108.08, $108.2, $106.08
2018-07-19 00:00:00, $104.4,38193270, $104.93, $105.31, $103.89
2018-07-18 00:00:00, $105.12,29055780, $105.94, $106.05, $104.715
2018-07-17 00:00:00, $105.95,25864500, $104.61, $106.5, $104.32
2018-07-16 00:00:00, $104.91,20782300, $105.4, $105.82, $104.515
2018-07-13 00:00:00, $105.43,24578340, $104.37, $105.6, $104.09
2018-07-12 00:00:00, $104.19,24270690, $102.77, $104.41, $102.73
2018-07-11 00:00:00, $101.98,19278720, $101.15, $102.34, $101.1
2018-07-10 00:00:00, $102.12,19180850, $102, $102.51, $101.86
2018-07-09 00:00:00, $101.85,16410950, $101.645, $102.25, $101.251
2018-07-06 00:00:00, $101.16,18238570, $99.885, $101.43, $99.67
2018-07-05 00:00:00, $99.76,18583280, $99.5, $99.92, $99.0299
2018-07-03 00:00:00, $99.05,14670280, $100.48, $100.63, $98.94
2018-07-02 00:00:00, $100.01,18850500, $98.1, $100.06, $98
2018-06-29 00:00:00, $98.61,27553700, $98.93, $99.91, $98.33
2018-06-28 00:00:00, $98.63,26643410, $97.38, $99.11, $97.26
2018-06-27 00:00:00, $97.54,31280700, $99.58, $100.02, $97.4
2018-06-26 00:00:00, $99.08,26551930, $98.82, $100.08, $98.75
2018-06-25 00:00:00, $98.39,35422640, $100, $100.11, $97.3
2018-06-22 00:00:00, $100.41,38869490, $100.41, $100.77, $99.625
2018-06-21 00:00:00, $101.14,21812100, $102.075, $102.46, $100.88
2018-06-20 00:00:00, $101.87,26177810, $101.37, $102.52, $101.12
2018-06-19 00:00:00, $100.86,27633590, $99.65, $101, $99.5
2018-06-18 00:00:00, $100.86,22760070, $100.01, $101.11, $99.42
2018-06-15 00:00:00, $100.13,65663130, $101.51, $101.53, $100.07
2018-06-14 00:00:00, $101.42,25405900, $101.65, $102.03, $101
2018-06-13 00:00:00, $100.85,28698040, $101.72, $102.01, $100.56
2018-06-12 00:00:00, $101.31,18072860, $101.1, $101.4493, $100.75
2018-06-11 00:00:00, $101.05,22773270, $101.37, $101.59, $100.67
2018-06-08 00:00:00, $101.63,22151500, $101.092, $101.95, $100.54
2018-06-07 00:00:00, $100.88,28149340, $102.65, $102.69, $100.38
2018-06-06 00:00:00, $102.49,21112450, $102.48, $102.6, $101.9
2018-06-05 00:00:00, $102.19,23484820, $102, $102.33, $101.53
2018-06-04 00:00:00, $101.67,27173310, $101.26, $101.86, $100.851
2018-06-01 00:00:00, $100.79,28615930, $99.28, $100.86, $99.17
2018-05-31 00:00:00, $98.84,34117650, $99.29, $99.99, $98.61
2018-05-30 00:00:00, $98.95,21899560, $98.31, $99.25, $97.91
2018-05-29 00:00:00, $98.01,28395290, $97.84, $98.88, $97.23
2018-05-25 00:00:00, $98.36,17942630, $98.3, $98.98, $97.86
2018-05-24 00:00:00, $98.31,26637580, $98.725, $98.94, $96.81
2018-05-23 00:00:00, $98.66,21119770, $96.71, $98.73, $96.32
2018-05-22 00:00:00, $97.5,15438990, $97.68, $98.17, $97.2
2018-05-21 00:00:00, $97.6,18996380, $97, $98.01, $96.8
2018-05-18 00:00:00, $96.36,17543940, $96.01, $96.93, $96.01
2018-05-17 00:00:00, $96.18,17167840, $96.76, $97.5401, $95.83
2018-05-16 00:00:00, $97.15,17371190, $97.36, $97.4, $96.615
2018-05-15 00:00:00, $97.32,24584910, $97.24, $97.85, $96.34
2018-05-14 00:00:00, $98.03,19447690, $97.92, $98.69, $97.31
2018-05-11 00:00:00, $97.7,16759750, $97.8, $97.87, $97.04
2018-05-10 00:00:00, $97.91,22341300, $97.46, $97.95, $97.05
2018-05-09 00:00:00, $96.94,27279420, $96.01, $96.97, $95.05
2018-05-08 00:00:00, $95.81,22764250, $95.8456, $96.16, $95.0631
2018-05-07 00:00:00, $96.22,23591080, $95.17, $96.71, $95.1
2018-05-04 00:00:00, $95.16,22243660, $93.32, $95.37, $92.92
2018-05-03 00:00:00, $94.07,31071660, $92.96, $94.925, $92.45
2018-05-02 00:00:00, $93.51,27459080, $94.99, $95.17, $93.19
2018-05-01 00:00:00, $95,31400270, $93.21, $95.29, $92.79
2018-04-30 00:00:00, $93.52,41196050, $96.33, $96.3964, $93.15
2018-04-27 00:00:00, $95.82,48037250, $97.6, $97.9, $93.91
2018-04-26 00:00:00, $94.26,41085820, $93.55, $95.15, $93.1
2018-04-25 00:00:00, $92.31,33622300, $93.3, $93.3, $90.28
2018-04-24 00:00:00, $93.12,34495820, $96.242, $96.47, $92.41
2018-04-23 00:00:00, $95.35,22243560, $95.744, $96.29, $94.63
2018-04-20 00:00:00, $95,31135830, $95.91, $96.11, $94.05
2018-04-19 00:00:00, $96.11,23540730, $96.44, $97.07, $95.34
2018-04-18 00:00:00, $96.44,21024010, $96.22, $96.72, $95.52
2018-04-17 00:00:00, $96.07,25700050, $95, $96.54, $94.88
2018-04-16 00:00:00, $94.17,20278000, $94.07, $94.66, $93.42
2018-04-13 00:00:00, $93.08,23332360, $94.05, $94.18, $92.44
2018-04-12 00:00:00, $93.58,26684870, $92.43, $94.16, $92.43
2018-04-11 00:00:00, $91.86,24849510, $92.01, $93.29, $91.48
2018-04-10 00:00:00, $92.88,26885740, $92.39, $93.28, $91.64
2018-04-09 00:00:00, $90.77,31508070, $91.04, $93.17, $90.62
2018-04-06 00:00:00, $90.23,37809230, $91.49, $92.46, $89.48
2018-04-05 00:00:00, $92.38,29686720, $92.435, $93.065, $91.4
2018-04-04 00:00:00, $92.33,35479140, $87.85, $92.76, $87.73
2018-04-03 00:00:00, $89.71,37188830, $89.575, $90.05, $87.89
2018-04-02 00:00:00, $88.52,48473940, $90.47, $90.88, $87.51
2018-03-29 00:00:00, $91.27,45763610, $90.18, $92.29, $88.4
2018-03-28 00:00:00, $89.39,52235580, $89.82, $91.23, $88.873
2018-03-27 00:00:00, $89.47,55091770, $94.94, $95.139, $88.51
2018-03-26 00:00:00, $93.78,56261750, $90.61, $94, $90.4
2018-03-23 00:00:00, $87.18,43857770, $89.5, $90.46, $87.08
2018-03-22 00:00:00, $89.79,38354400, $91.265, $91.75, $89.66
2018-03-21 00:00:00, $92.48,24173600, $92.93, $94.05, $92.21
2018-03-20 00:00:00, $93.13,22402330, $93.05, $93.77, $93
2018-03-19 00:00:00, $92.89,32317260, $93.74, $93.9, $92.11
2018-03-16 00:00:00, $94.6,49067150, $94.68, $95.38, $93.92
2018-03-15 00:00:00, $94.18,27317810, $93.53, $94.58, $92.83
2018-03-14 00:00:00, $93.85,31971520, $95.12, $95.41, $93.5
2018-03-13 00:00:00, $94.41,34794600, $97, $97.24, $93.97
2018-03-12 00:00:00, $96.77,26042460, $96.5, $97.21, $96.04
2018-03-09 00:00:00, $96.54,36913460, $95.29, $96.54, $95
2018-03-08 00:00:00, $94.43,26957790, $94.27, $95.1, $93.765
2018-03-07 00:00:00, $93.86,26458530, $93.16, $93.9406, $92.43
2018-03-06 00:00:00, $93.32,21884540, $94.34, $94.49, $92.941
2018-03-05 00:00:00, $93.64,23787950, $92.34, $94.27, $92.26
2018-03-02 00:00:00, $93.05,32815660, $91.58, $93.15, $90.86
2018-03-01 00:00:00, $92.85,36979700, $93.99, $94.57, $91.84
2018-02-28 00:00:00, $93.77,30011960, $94.84, $95.705, $93.63
2018-02-27 00:00:00, $94.2,25842000, $95.74, $95.84, $94.2
2018-02-26 00:00:00, $95.42,30167890, $94.4, $95.45, $94.25
2018-02-23 00:00:00, $94.06,26294200, $92.75, $94.07, $92.36
2018-02-22 00:00:00, $91.73,23613350, $92.05, $92.73, $91.36
2018-02-21 00:00:00, $91.49,26664100, $92.98, $93.3595, $91.49
2018-02-20 00:00:00, $92.72,30325530, $91.475, $93.06, $91.01
2018-02-16 00:00:00, $92,30580470, $92.45, $93.5, $91.8
2018-02-15 00:00:00, $92.66,27523410, $91.21, $92.72, $90.62
2018-02-14 00:00:00, $90.81,34825510, $88.51, $90.99, $88.41
2018-02-13 00:00:00, $89.83,26320030, $88.93, $90, $87.8
2018-02-12 00:00:00, $89.13,35657250, $88.735, $89.78, $87.9295
2018-02-09 00:00:00, $88.18,63470240, $86.3, $88.93, $83.83
2018-02-08 00:00:00, $85.01,55247060, $89.71, $89.875, $84.76
2018-02-07 00:00:00, $89.61,41082380, $90.49, $91.77, $89.2
2018-02-06 00:00:00, $91.33,67970920, $86.89, $91.475, $85.25
2018-02-05 00:00:00, $88,50588980, $90.56, $93.24, $88
2018-02-02 00:00:00, $91.78,47484680, $93.64, $93.97, $91.5
2018-02-01 00:00:00, $94.26,46866010, $94.79, $96.07, $93.5813
2018-01-31 00:00:00, $95.01,47448270, $93.75, $95.4, $93.51
2018-01-30 00:00:00, $92.74,37310120, $93.3, $93.66, $92.1
2018-01-29 00:00:00, $93.92,31521680, $95.14, $95.45, $93.72
2018-01-26 00:00:00, $94.06,28964890, $93.12, $94.06, $92.58
2018-01-25 00:00:00, $92.33,26099100, $92.465, $93.24, $91.93
2018-01-24 00:00:00, $91.82,32735410, $92.55, $93.43, $91.58
2018-01-23 00:00:00, $91.9,23014000, $91.9, $92.3, $91.54
2018-01-22 00:00:00, $91.61,23511170, $90, $91.62, $89.74
2018-01-19 00:00:00, $90,35612750, $90.14, $90.61, $89.66
2018-01-18 00:00:00, $90.1,24138250, $89.8, $90.67, $89.66
2018-01-17 00:00:00, $90.14,25617320, $89.08, $90.28, $88.75
2018-01-16 00:00:00, $88.35,36584400, $90.1, $90.79, $88.0104
2018-01-12 00:00:00, $89.6,24261620, $88.67, $89.78, $88.45
2018-01-11 00:00:00, $88.08,17699700, $88.13, $88.13, $87.24
2018-01-10 00:00:00, $87.82,18639390, $87.86, $88.19, $87.41
2018-01-09 00:00:00, $88.22,19466220, $88.65, $88.7272, $87.86
2018-01-08 00:00:00, $88.28,22110230, $88.2, $88.58, $87.6046
2018-01-05 00:00:00, $88.19,23400070, $87.66, $88.41, $87.43
2018-01-04 00:00:00, $87.11,21904860, $86.59, $87.66, $86.57
2018-01-03 00:00:00, $86.35,25979960, $86.055, $86.51, $85.97
2018-01-02 00:00:00, $85.95,22122680, $86.125, $86.31, $85.5
2017-12-29 00:00:00, $85.54,18547840, $85.63, $86.05, $85.5
2017-12-28 00:00:00, $85.72,10589110, $85.9, $85.93, $85.55
2017-12-27 00:00:00, $85.71,14662250, $85.65, $85.98, $85.215
2017-12-26 00:00:00, $85.4,9883700, $85.31, $85.5346, $85.03
2017-12-22 00:00:00, $85.51,14071140, $85.4, $85.63, $84.92
2017-12-21 00:00:00, $85.5,17939970, $86.05, $86.1, $85.4
2017-12-20 00:00:00, $85.52,23584190, $86.2, $86.3, $84.71
2017-12-19 00:00:00, $85.83,23339920, $86.35, $86.35, $85.27
2017-12-18 00:00:00, $86.38,22278960, $87.12, $87.4999, $86.23
2017-12-15 00:00:00, $86.85,53921240, $85.26, $87.09, $84.88
2017-12-14 00:00:00, $84.69,19302690, $85.43, $85.8739, $84.53
2017-12-13 00:00:00, $85.35,21708830, $85.74, $86, $85.17
2017-12-12 00:00:00, $85.58,23821210, $85.31, $86.05, $85.08
2017-12-11 00:00:00, $85.23,21446720, $84.29, $85.37, $84.12
2017-12-08 00:00:00, $84.16,24027610, $83.63, $84.58, $83.33
2017-12-07 00:00:00, $82.49,23170300, $82.54, $82.8, $82
2017-12-06 00:00:00, $82.78,24876890, $81.55, $83.14, $81.43
2017-12-05 00:00:00, $81.59,26144410, $81.34, $82.68, $80.9801
2017-12-04 00:00:00, $81.08,39084990, $84.42, $84.4299, $80.7
2017-12-01 00:00:00, $84.26,29387350, $83.6, $84.81, $83.22
2017-11-30 00:00:00, $84.17,32998560, $83.51, $84.52, $83.34
2017-11-29 00:00:00, $83.34,27358660, $84.71, $84.9172, $83.175
2017-11-28 00:00:00, $84.88,21897340, $84.07, $85.06, $84.02
2017-11-27 00:00:00, $83.87,17721740, $83.31, $83.98, $83.3
2017-11-24 00:00:00, $83.26,7425603, $83.01, $83.43, $82.78
2017-11-22 00:00:00, $83.11,20550600, $83.83, $83.9, $83.04
2017-11-21 00:00:00, $83.72,21195610, $82.74, $83.84, $82.74
2017-11-20 00:00:00, $82.53,16128540, $82.4, $82.59, $82.25
2017-11-17 00:00:00, $82.4,22075340, $83.12, $83.12, $82.24
2017-11-16 00:00:00, $83.2,20957350, $83.1, $83.42, $82.94
2017-11-15 00:00:00, $82.98,19337370, $83.47, $83.69, $82.69
2017-11-14 00:00:00, $84.05,18759800, $83.5, $84.1, $82.98
2017-11-13 00:00:00, $83.93,14185670, $83.66, $83.94, $83.46
2017-11-10 00:00:00, $83.87,19395240, $83.79, $84.095, $83.23
2017-11-09 00:00:00, $84.09,21174120, $84.11, $84.27, $82.9
2017-11-08 00:00:00, $84.56,18027540, $84.14, $84.61, $83.83
2017-11-07 00:00:00, $84.27,17927430, $84.77, $84.9, $83.93
2017-11-06 00:00:00, $84.47,19852030, $84.2, $84.7, $84.0825
2017-11-03 00:00:00, $84.14,17629140, $84.08, $84.54, $83.4
2017-11-02 00:00:00, $84.05,23980410, $83.35, $84.46, $83.12
2017-11-01 00:00:00, $83.18,22278730, $83.68, $83.76, $82.88
2017-10-31 00:00:00, $83.18,26949400, $84.36, $84.36, $83.11
2017-10-30 00:00:00, $83.89,31749180, $83.7, $84.325, $83.105
2017-10-27 00:00:00, $83.81,71022110, $84.37, $86.2, $83.61
2017-10-26 00:00:00, $78.76,31527350, $79.2, $79.42, $78.75
2017-10-25 00:00:00, $78.63,20377380, $78.58, $79.1, $78.01
2017-10-24 00:00:00, $78.86,17353840, $78.9, $79.2, $78.46
2017-10-23 00:00:00, $78.83,20609800, $78.99, $79.34, $78.76
2017-10-20 00:00:00, $78.81,22851290, $78.32, $78.97, $78.22
2017-10-19 00:00:00, $77.91,15080780, $77.57, $77.93, $77.35
2017-10-18 00:00:00, $77.61,13288960, $77.67, $77.85, $77.37
2017-10-17 00:00:00, $77.59,16072320, $77.47, $77.62, $77.25
2017-10-16 00:00:00, $77.65,12361880, $77.42, $77.81, $77.35
2017-10-13 00:00:00, $77.49,15319310, $77.59, $77.87, $77.29
2017-10-12 00:00:00, $77.12,17268390, $76.49, $77.29, $76.37
2017-10-11 00:00:00, $76.42,15378030, $76.36, $76.46, $75.95
2017-10-10 00:00:00, $76.29,13939430, $76.33, $76.63, $76.14
2017-10-09 00:00:00, $76.29,11386390, $75.97, $76.55, $75.86
2017-10-06 00:00:00, $76,13946480, $75.67, $76.03, $75.54
2017-10-05 00:00:00, $75.97,21176990, $75.22, $76.12, $74.96
2017-10-04 00:00:00, $74.69,13295060, $74, $74.72, $73.71
2017-10-03 00:00:00, $74.26,12186560, $74.67, $74.88, $74.195
2017-10-02 00:00:00, $74.61,15296380, $74.71, $75.01, $74.295
2017-09-29 00:00:00, $74.49,16989330, $73.94, $74.535, $73.88
2017-09-28 00:00:00, $73.87,10879150, $73.54, $73.97, $73.31
2017-09-27 00:00:00, $73.85,19487260, $73.55, $74.17, $73.17
2017-09-26 00:00:00, $73.26,17270990, $73.67, $73.81, $72.99
2017-09-25 00:00:00, $73.26,24131960, $74.09, $74.25, $72.92
2017-09-22 00:00:00, $74.41,14095440, $73.99, $74.51, $73.85
2017-09-21 00:00:00, $74.21,19172840, $75.11, $75.24, $74.11
2017-09-20 00:00:00, $74.94,20789800, $75.35, $75.55, $74.31
2017-09-19 00:00:00, $75.44,15769510, $75.21, $75.71, $75.01
2017-09-18 00:00:00, $75.16,23305610, $75.23, $75.97, $75.04
2017-09-15 00:00:00, $75.31,38515230, $74.83, $75.39, $74.07
2017-09-14 00:00:00, $74.77,15695470, $75, $75.49, $74.52
2017-09-13 00:00:00, $75.21,13353930, $74.93, $75.23, $74.55
2017-09-12 00:00:00, $74.68,14387100, $74.76, $75.24, $74.37
2017-09-11 00:00:00, $74.76,17900360, $74.31, $74.945, $74.31
2017-09-08 00:00:00, $73.98,14703700, $74.33, $74.44, $73.84
2017-09-07 00:00:00, $74.34,17468290, $73.68, $74.6, $73.6
2017-09-06 00:00:00, $73.4,16525320, $73.74, $74.04, $73.35
2017-09-05 00:00:00, $73.61,22234340, $73.34, $73.89, $72.98
2017-09-01 00:00:00, $73.94,21713620, $74.71, $74.74, $73.64
2017-08-31 00:00:00, $74.77,27645380, $74.03, $74.96, $73.8
2017-08-30 00:00:00, $74.01,16892790, $73.01, $74.2099, $72.8293
2017-08-29 00:00:00, $73.05,11470410, $72.25, $73.16, $72.05
2017-08-28 00:00:00, $72.83,14558700, $73.06, $73.09, $72.55
2017-08-25 00:00:00, $72.82,12790300, $72.86, $73.35, $72.48
2017-08-24 00:00:00, $72.69,17097240, $72.74, $72.86, $72.07
2017-08-23 00:00:00, $72.72,13758650, $72.96, $73.15, $72.53
2017-08-22 00:00:00, $73.16,14333220, $72.35, $73.24, $72.35
2017-08-21 00:00:00, $72.15,17698800, $72.47, $72.48, $71.7
2017-08-18 00:00:00, $72.49,18760830, $72.27, $72.84, $71.93
2017-08-17 00:00:00, $72.4,22450130, $73.58, $73.87, $72.4
2017-08-16 00:00:00, $73.65,18146300, $73.34, $74.1, $73.17
2017-08-15 00:00:00, $73.22,19174140, $73.59, $73.59, $73.04
2017-08-14 00:00:00, $73.59,20079920, $73.06, $73.72, $72.95
2017-08-11 00:00:00, $72.5,21429130, $71.61, $72.7, $71.28
2017-08-10 00:00:00, $71.41,23882090, $71.9, $72.19, $71.35
2017-08-09 00:00:00, $72.47,22208930, $72.25, $72.51, $72.05
2017-08-08 00:00:00, $72.79,22029970, $72.09, $73.13, $71.75
2017-08-07 00:00:00, $72.4,18703680, $72.8, $72.9, $72.26
2017-08-04 00:00:00, $72.68,22578340, $72.4, $73.04, $72.24
2017-08-03 00:00:00, $72.15,18203460, $72.19, $72.44, $71.845
2017-08-02 00:00:00, $72.26,26487360, $72.55, $72.56, $71.445
2017-08-01 00:00:00, $72.58,20755590, $73.1, $73.42, $72.49
2017-07-31 00:00:00, $72.7,23546300, $73.3, $73.44, $72.41
2017-07-28 00:00:00, $73.04,17800810, $72.67, $73.31, $72.54
2017-07-27 00:00:00, $73.16,35803280, $73.76, $74.42, $72.32
2017-07-26 00:00:00, $74.05,16074960, $74.34, $74.38, $73.81
2017-07-25 00:00:00, $74.19,21934340, $73.8, $74.31, $73.5
2017-07-24 00:00:00, $73.6,21227590, $73.53, $73.75, $73.13
2017-07-21 00:00:00, $73.79,46301020, $73.45, $74.29, $73.17
2017-07-20 00:00:00, $74.22,39459200, $74.18, $74.3, $73.28
2017-07-19 00:00:00, $73.86,22071360, $73.5, $74.04, $73.45
2017-07-18 00:00:00, $73.3,26356400, $73.09, $73.39, $72.66
2017-07-17 00:00:00, $73.35,21776670, $72.8, $73.45, $72.72
2017-07-14 00:00:00, $72.78,25780260, $72.24, $73.27, $71.96
2017-07-13 00:00:00, $71.77,20267570, $71.5, $72.0399, $71.31
2017-07-12 00:00:00, $71.15,17747470, $70.69, $71.28, $70.55
2017-07-11 00:00:00, $69.99,17459190, $70, $70.68, $69.75
2017-07-10 00:00:00, $69.98,15006190, $69.46, $70.25, $69.2
2017-07-07 00:00:00, $69.46,15910410, $68.7, $69.84, $68.7
2017-07-06 00:00:00, $68.57,21108330, $68.27, $68.78, $68.12
2017-07-05 00:00:00, $69.08,21164570, $68.255, $69.44, $68.22
2017-07-03 00:00:00, $68.17,16165540, $69.33, $69.6, $68.02
2017-06-30 00:00:00, $68.93,24094240, $68.78, $69.38, $68.74
2017-06-29 00:00:00, $68.49,28898600, $69.38, $69.49, $68.09
2017-06-28 00:00:00, $69.8,25802760, $69.21, $69.841, $68.79
2017-06-27 00:00:00, $69.21,25214000, $70.11, $70.18, $69.18
2017-06-26 00:00:00, $70.53,19508480, $71.4, $71.71, $70.445
2017-06-23 00:00:00, $71.21,27071300, $70.09, $71.25, $69.92
2017-06-22 00:00:00, $70.26,22602120, $70.54, $70.59, $69.71
2017-06-21 00:00:00, $70.27,19681370, $70.21, $70.62, $69.94
2017-06-20 00:00:00, $69.91,21509280, $70.82, $70.87, $69.87
2017-06-19 00:00:00, $70.87,23309860, $70.5, $70.945, $70.35
2017-06-16 00:00:00, $70,48278130, $69.73, $70.0252, $69.22
2017-06-15 00:00:00, $69.9,26006180, $69.27, $70.21, $68.8
2017-06-14 00:00:00, $70.27,25483760, $70.91, $71.1, $69.43
2017-06-13 00:00:00, $70.65,25254650, $70.02, $70.82, $69.96
2017-06-12 00:00:00, $69.78,47720550, $69.25, $69.94, $68.13
2017-06-09 00:00:00, $70.32,49143030, $72.035, $72.08, $68.59
2017-06-08 00:00:00, $71.95,24460980, $72.51, $72.52, $71.5
2017-06-07 00:00:00, $72.39,22282420, $72.635, $72.77, $71.95
2017-06-06 00:00:00, $72.52,31506590, $72.3, $72.62, $72.27
2017-06-05 00:00:00, $72.28,33303010, $71.97, $72.89, $71.81
2017-06-02 00:00:00, $71.76,34637860, $70.44, $71.86, $70.24
2017-06-01 00:00:00, $70.1,21538070, $70.24, $70.61, $69.451
2017-05-31 00:00:00, $69.84,30445790, $70.53, $70.74, $69.81
2017-05-30 00:00:00, $70.41,17057170, $69.79, $70.41, $69.77
2017-05-26 00:00:00, $69.96,19716360, $69.8, $70.22, $69.52
2017-05-25 00:00:00, $69.62,21838800, $68.97, $69.88, $68.91
2017-05-24 00:00:00, $68.77,14665710, $68.87, $68.88, $68.45
2017-05-23 00:00:00, $68.68,15423430, $68.72, $68.75, $68.38
2017-05-22 00:00:00, $68.45,16216010, $67.89, $68.5, $67.5
2017-05-19 00:00:00, $67.69,26905730, $67.5, $68.095, $67.43
2017-05-18 00:00:00, $67.71,25184940, $67.4, $68.13, $67.14
2017-05-17 00:00:00, $67.48,30494870, $68.89, $69.1, $67.43
2017-05-16 00:00:00, $69.41,34936100, $68.23, $69.44, $68.16
2017-05-15 00:00:00, $68.43,30954130, $68.14, $68.48, $67.57
2017-05-12 00:00:00, $68.38,18700160, $68.61, $68.61, $68.04
2017-05-11 00:00:00, $68.46,28771250, $68.36, $68.73, $68.12
2017-05-10 00:00:00, $69.31,17934310, $68.99, $69.56, $68.92
2017-05-09 00:00:00, $69.04,22442280, $68.86, $69.28, $68.68
2017-05-08 00:00:00, $68.94,18553900, $68.97, $69.05, $68.42
2017-05-05 00:00:00, $69,19037540, $68.9, $69.03, $68.485
2017-05-04 00:00:00, $68.81,21684030, $69.03, $69.08, $68.64
2017-05-03 00:00:00, $69.08,28901660, $69.38, $69.38, $68.71
2017-05-02 00:00:00, $69.3,23528160, $69.71, $69.71, $69.13
2017-05-01 00:00:00, $69.41,31902530, $68.68, $69.55, $68.5
2017-04-28 00:00:00, $68.46,39431920, $68.91, $69.14, $67.69
2017-04-27 00:00:00, $68.27,34301810, $68.15, $68.38, $67.58
2017-04-26 00:00:00, $67.83,26132990, $68.08, $68.31, $67.62
2017-04-25 00:00:00, $67.92,30186690, $67.9, $68.04, $67.6
2017-04-24 00:00:00, $67.53,29721350, $67.48, $67.66, $67.1
2017-04-21 00:00:00, $66.4,32507090, $65.67, $66.7, $65.45
2017-04-20 00:00:00, $65.5,22298340, $65.46, $65.75, $65.14
2017-04-19 00:00:00, $65.04,26983430, $65.65, $65.75, $64.89
2017-04-18 00:00:00, $65.39,15145300, $65.33, $65.71, $65.16
2017-04-17 00:00:00, $65.48,16664820, $65.04, $65.49, $65.01
2017-04-13 00:00:00, $64.95,17875510, $65.29, $65.86, $64.95
2017-04-12 00:00:00, $65.23,17107430, $65.42, $65.51, $65.11
2017-04-11 00:00:00, $65.48,18783560, $65.6, $65.61, $64.85
2017-04-10 00:00:00, $65.53,17951970, $65.61, $65.82, $65.36
2017-04-07 00:00:00, $65.68,14089430, $65.85, $65.96, $65.44
2017-04-06 00:00:00, $65.73,18074330, $65.6, $66.055, $65.48
2017-04-05 00:00:00, $65.56,21418530, $66.3, $66.35, $65.4443
2017-04-04 00:00:00, $65.73,12988620, $65.39, $65.81, $65.28
2017-04-03 00:00:00, $65.55,20362440, $65.81, $65.94, $65.19
2017-03-31 00:00:00, $65.86,21037270, $65.65, $66.19, $65.45
2017-03-30 00:00:00, $65.71,15109580, $65.42, $65.98, $65.36
2017-03-29 00:00:00, $65.47,13613870, $65.12, $65.5, $64.9475
2017-03-28 00:00:00, $65.29,20066100, $64.96, $65.47, $64.65
2017-03-27 00:00:00, $65.1,18555230, $64.63, $65.22, $64.35
2017-03-24 00:00:00, $64.98,22616680, $65.12, $65.45, $64.76
2017-03-23 00:00:00, $64.87,19267040, $64.94, $65.235, $64.765
2017-03-22 00:00:00, $65.03,20635780, $64.12, $65.14, $64.12
2017-03-21 00:00:00, $64.21,26607950, $65.19, $65.5, $64.13
2017-03-20 00:00:00, $64.93,14273670, $64.91, $65.175, $64.72
2017-03-17 00:00:00, $64.87,49077080, $64.91, $65.24, $64.68
2017-03-16 00:00:00, $64.64,20638340, $64.75, $64.76, $64.3
2017-03-15 00:00:00, $64.75,24819560, $64.55, $64.92, $64.25
2017-03-14 00:00:00, $64.41,14280080, $64.53, $64.55, $64.15
2017-03-13 00:00:00, $64.71,19558920, $65.01, $65.195, $64.57
2017-03-10 00:00:00, $64.93,19531290, $65.11, $65.26, $64.75
2017-03-09 00:00:00, $64.73,19841220, $65.19, $65.2, $64.48
2017-03-08 00:00:00, $64.99,21510490, $64.26, $65.085, $64.25
2017-03-07 00:00:00, $64.4,18507840, $64.19, $64.775, $64.19
2017-03-06 00:00:00, $64.27,17536510, $63.97, $64.56, $63.81
2017-03-03 00:00:00, $64.25,18138220, $63.99, $64.28, $63.62
2017-03-02 00:00:00, $64.01,24523130, $64.69, $64.75, $63.88
2017-03-01 00:00:00, $64.94,26911390, $64.13, $64.99, $64.0218
2017-02-28 00:00:00, $63.98,23225630, $64.08, $64.2, $63.76
2017-02-27 00:00:00, $64.23,15852360, $64.54, $64.54, $64.045
2017-02-24 00:00:00, $64.62,21778650, $64.53, $64.8, $64.135
2017-02-23 00:00:00, $64.62,20255890, $64.42, $64.7285, $64.195
2017-02-22 00:00:00, $64.36,19274640, $64.33, $64.39, $64.05
2017-02-21 00:00:00, $64.49,20643320, $64.61, $64.95, $64.45
2017-02-17 00:00:00, $64.62,21236980, $64.47, $64.69, $64.3
2017-02-16 00:00:00, $64.52,20538890, $64.74, $65.24, $64.44
2017-02-15 00:00:00, $64.53,16984020, $64.5, $64.57, $64.155
2017-02-14 00:00:00, $64.57,23080270, $64.41, $64.72, $64.02
2017-02-13 00:00:00, $64.72,22871800, $64.24, $64.86, $64.13
2017-02-10 00:00:00, $64,18169980, $64.25, $64.3, $63.975
2017-02-09 00:00:00, $64.06,22625170, $63.52, $64.435, $63.32
2017-02-08 00:00:00, $63.34,18089300, $63.57, $63.81, $63.22
2017-02-07 00:00:00, $63.43,20271020, $63.74, $63.78, $63.23
2017-02-06 00:00:00, $63.64,19776560, $63.5, $63.65, $63.14
2017-02-03 00:00:00, $63.68,30288330, $63.5, $63.7, $63.07
2017-02-02 00:00:00, $63.17,45820410, $63.25, $63.41, $62.75
2017-02-01 00:00:00, $63.58,39650890, $64.355, $64.62, $63.47
2017-01-31 00:00:00, $64.65,25258900, $64.86, $65.15, $64.26
2017-01-30 00:00:00, $65.13,31627120, $65.69, $65.79, $64.8
2017-01-27 00:00:00, $65.78,44806710, $65.39, $65.91, $64.89
2017-01-26 00:00:00, $64.27,42688490, $64.12, $64.535, $63.55
2017-01-25 00:00:00, $63.68,24480930, $63.95, $64.1, $63.45
2017-01-24 00:00:00, $63.52,24647260, $63.2, $63.735, $62.94
2017-01-23 00:00:00, $62.96,23055910, $62.7, $63.1159, $62.57
2017-01-20 00:00:00, $62.74,30067740, $62.67, $62.82, $62.37
2017-01-19 00:00:00, $62.3,18438530, $62.24, $62.98, $62.195
2017-01-18 00:00:00, $62.5,19666750, $62.67, $62.7, $62.12
2017-01-17 00:00:00, $62.53,20662940, $62.68, $62.7, $62.03
2017-01-13 00:00:00, $62.7,19421370, $62.62, $62.865, $62.35
2017-01-12 00:00:00, $62.61,20965490, $63.06, $63.4, $61.95
2017-01-11 00:00:00, $63.19,21503740, $62.61, $63.23, $62.43
2017-01-10 00:00:00, $62.62,18587170, $62.73, $63.07, $62.28
2017-01-09 00:00:00, $62.64,20374410, $62.76, $63.08, $62.54
2017-01-06 00:00:00, $62.84,19899270, $62.3, $63.15, $62.04
2017-01-05 00:00:00, $62.3,24866880, $62.19, $62.66, $62.03
2017-01-04 00:00:00, $62.3,21325140, $62.48, $62.75, $62.12
2017-01-03 00:00:00, $62.58,20655190, $62.79, $62.84, $62.125
2016-12-30 00:00:00, $62.14,25575720, $62.96, $62.99, $62.03
2016-12-29 00:00:00, $62.9,10248460, $62.86, $63.2, $62.73
2016-12-28 00:00:00, $62.99,14348340, $63.4, $63.4, $62.83
2016-12-27 00:00:00, $63.28,11743650, $63.21, $64.07, $63.21
2016-12-23 00:00:00, $63.24,12399540, $63.45, $63.54, $62.8
2016-12-22 00:00:00, $63.55,22175270, $63.84, $64.1, $63.405
2016-12-21 00:00:00, $63.54,17084370, $63.43, $63.7, $63.12
2016-12-20 00:00:00, $63.54,26017470, $63.69, $63.8, $63.025
2016-12-19 00:00:00, $63.62,34318500, $62.56, $63.77, $62.42
2016-12-16 00:00:00, $62.3,42452660, $62.95, $62.95, $62.115
2016-12-15 00:00:00, $62.58,27661180, $62.7, $63.1535, $62.3
2016-12-14 00:00:00, $62.68,30335770, $63, $63.45, $62.53
2016-12-13 00:00:00, $62.98,35072050, $62.5, $63.42, $62.24
2016-12-12 00:00:00, $62.17,20186390, $61.82, $62.3, $61.72
2016-12-09 00:00:00, $61.97,27337160, $61.18, $61.99, $61.125
2016-12-08 00:00:00, $61.01,21201400, $61.3, $61.58, $60.84
2016-12-07 00:00:00, $61.37,30807320, $60.01, $61.38, $59.8
2016-12-06 00:00:00, $59.95,19966340, $60.43, $60.46, $59.8
2016-12-05 00:00:00, $60.22,23552030, $59.7, $60.585, $59.56
2016-12-02 00:00:00, $59.25,25464230, $59.08, $59.47, $58.8
2016-12-01 00:00:00, $59.2,34518030, $60.11, $60.15, $58.935
2016-11-30 00:00:00, $60.26,34641520, $60.86, $61.18, $60.215
2016-11-29 00:00:00, $61.09,22365860, $60.65, $61.41, $60.52
2016-11-28 00:00:00, $60.61,20604370, $60.34, $61.02, $60.21
2016-11-25 00:00:00, $60.53,8409616, $60.3, $60.53, $60.13
2016-11-23 00:00:00, $60.4,21847500, $61.01, $61.1, $60.25
2016-11-22 00:00:00, $61.12,23205870, $60.98, $61.26, $60.805
2016-11-21 00:00:00, $60.86,19638240, $60.5, $60.97, $60.42
2016-11-18 00:00:00, $60.35,27210170, $60.78, $61.14, $60.3
2016-11-17 00:00:00, $60.64,32084890, $60.41, $60.95, $59.965
2016-11-16 00:00:00, $59.65,27329530, $58.94, $59.66, $58.81
2016-11-15 00:00:00, $58.87,35850360, $58.33, $59.49, $58.315
2016-11-14 00:00:00, $58.12,41248640, $59.02, $59.08, $57.28
2016-11-11 00:00:00, $59.02,35932400, $58.23, $59.116, $58.01
2016-11-10 00:00:00, $58.7,57770560, $60.48, $60.49, $57.6302
2016-11-09 00:00:00, $60.17,49588490, $60, $60.59, $59.2
2016-11-08 00:00:00, $60.47,22923800, $60.55, $60.78, $60.15
2016-11-07 00:00:00, $60.42,31652340, $59.78, $60.52, $59.78
2016-11-04 00:00:00, $58.71,28693430, $58.65, $59.28, $58.52
2016-11-03 00:00:00, $59.21,21448620, $59.53, $59.64, $59.11
2016-11-02 00:00:00, $59.43,22118490, $59.82, $59.93, $59.3
2016-11-01 00:00:00, $59.8,24474870, $59.97, $60.02, $59.25
2016-10-31 00:00:00, $59.92,26418340, $60.16, $60.42, $59.92
2016-10-28 00:00:00, $59.87,33569190, $60.01, $60.52, $59.58
2016-10-27 00:00:00, $60.1,28444550, $60.61, $60.83, $60.09
2016-10-26 00:00:00, $60.63,29908240, $60.81, $61.2, $60.47
2016-10-25 00:00:00, $60.99,35119480, $60.85, $61.3699, $60.8
2016-10-24 00:00:00, $61,54039610, $59.94, $61, $59.93
2016-10-21 00:00:00, $59.66,80008400, $60.28, $60.45, $59.485
2016-10-20 00:00:00, $57.25,48880910, $57.5, $57.52, $56.66
2016-10-19 00:00:00, $57.53,22840410, $57.47, $57.84, $57.395
2016-10-18 00:00:00, $57.66,18862790, $57.53, $57.945, $57.41
2016-10-17 00:00:00, $57.22,23829490, $57.36, $57.46, $56.87
2016-10-14 00:00:00, $57.42,27221480, $57.12, $57.74, $57.12
2016-10-13 00:00:00, $56.92,25217590, $56.7, $57.3, $56.315
2016-10-12 00:00:00, $57.11,22157100, $57.11, $57.27, $56.4
2016-10-11 00:00:00, $57.19,26483780, $57.89, $58.02, $56.89
2016-10-10 00:00:00, $58.04,18085830, $57.91, $58.39, $57.87
2016-10-07 00:00:00, $57.8,20062440, $57.85, $57.98, $57.42
2016-10-06 00:00:00, $57.74,16194470, $57.74, $57.86, $57.28
2016-10-05 00:00:00, $57.64,16708620, $57.29, $57.9601, $57.26
2016-10-04 00:00:00, $57.24,20061950, $57.27, $57.595, $56.97
2016-10-03 00:00:00, $57.42,19156410, $57.405, $57.55, $57.06
2016-09-30 00:00:00, $57.6,29877820, $57.57, $57.77, $57.34
2016-09-29 00:00:00, $57.4,25389600, $57.81, $58.1679, $57.21
2016-09-28 00:00:00, $58.03,20523320, $57.88, $58.06, $57.67
2016-09-27 00:00:00, $57.95,28029780, $56.93, $58.06, $56.681
2016-09-26 00:00:00, $56.9,21184750, $57.08, $57.14, $56.83
2016-09-23 00:00:00, $57.43,19941140, $57.87, $57.91, $57.38
2016-09-22 00:00:00, $57.82,19821760, $57.92, $58, $57.63
2016-09-21 00:00:00, $57.76,33623490, $57.51, $57.85, $57.08
2016-09-20 00:00:00, $56.81,17347740, $57.35, $57.35, $56.75
2016-09-19 00:00:00, $56.93,20919450, $57.27, $57.75, $56.85
2016-09-16 00:00:00, $57.25,44603890, $57.63, $57.63, $56.75
2016-09-15 00:00:00, $57.19,27049520, $56.15, $57.35, $55.98
2016-09-14 00:00:00, $56.26,24265700, $56.39, $56.63, $56.03
2016-09-13 00:00:00, $56.53,30062330, $56.5, $56.65, $56.05
2016-09-12 00:00:00, $57.05,29266780, $56, $57.205, $55.61
2016-09-09 00:00:00, $56.21,35026930, $56.79, $57.52, $56.21
2016-09-08 00:00:00, $57.43,20109050, $57.63, $57.79, $57.18
2016-09-07 00:00:00, $57.66,17484810, $57.47, $57.84, $57.405
2016-09-06 00:00:00, $57.61,16264890, $57.78, $57.8, $57.21
2016-09-02 00:00:00, $57.67,18897210, $57.67, $58.19, $57.42
2016-09-01 00:00:00, $57.59,26053530, $57.01, $57.82, $57.01
2016-08-31 00:00:00, $57.46,20844280, $57.65, $57.8, $57.3
2016-08-30 00:00:00, $57.89,16900190, $57.98, $58.19, $57.61
2016-08-29 00:00:00, $58.1,16388470, $58.18, $58.6, $58.1
2016-08-26 00:00:00, $58.03,20935160, $58.28, $58.7, $57.69
2016-08-25 00:00:00, $58.17,18551890, $57.88, $58.29, $57.78
2016-08-24 00:00:00, $57.95,17118420, $57.8, $58.04, $57.715
2016-08-23 00:00:00, $57.89,18722560, $57.9, $58.18, $57.85
2016-08-22 00:00:00, $57.67,15215880, $57.6, $57.75, $57.26
2016-08-19 00:00:00, $57.62,17271010, $57.43, $57.73, $57.2
2016-08-18 00:00:00, $57.6,14211810, $57.42, $57.7, $57.27
2016-08-17 00:00:00, $57.56,18798940, $57.54, $57.68, $57.23
2016-08-16 00:00:00, $57.44,20452960, $57.61, $57.62, $57.27
2016-08-15 00:00:00, $58.12,18764820, $58.01, $58.5, $57.96
2016-08-12 00:00:00, $57.94,21646690, $58.03, $58.19, $57.62
2016-08-11 00:00:00, $58.3,18161190, $58.03, $58.45, $58.03
2016-08-10 00:00:00, $58.02,15702720, $58.16, $58.32, $57.82
2016-08-09 00:00:00, $58.2,16891750, $58.17, $58.5, $58.02
2016-08-08 00:00:00, $58.06,19459340, $58.055, $58.085, $57.78
2016-08-05 00:00:00, $57.96,28804780, $57.65, $58.21, $57.45
2016-08-04 00:00:00, $57.39,26485600, $56.8, $57.5193, $56.67
2016-08-03 00:00:00, $56.97,22069790, $56.68, $57.11, $56.49
2016-08-02 00:00:00, $56.58,35115250, $56.85, $56.9, $56.31
2016-08-01 00:00:00, $56.58,26003110, $56.6, $56.75, $56.14
2016-07-29 00:00:00, $56.68,30556950, $56.26, $56.76, $56.05
2016-07-28 00:00:00, $56.21,37246140, $56, $56.37, $55.72
2016-07-27 00:00:00, $56.19,32283520, $56.61, $56.8, $56.11
2016-07-26 00:00:00, $56.76,28028820, $56.52, $57.29, $56.51
2016-07-25 00:00:00, $56.73,24313330, $56.47, $56.74, $56.255
2016-07-22 00:00:00, $56.57,31900840, $56.08, $56.6275, $55.78
2016-07-21 00:00:00, $55.8,32752350, $55.98, $56.23, $55.76
2016-07-20 00:00:00, $55.91,89835200, $56.15, $56.84, $55.53
2016-07-19 00:00:00, $53.09,51870970, $53.71, $53.9, $52.93
2016-07-18 00:00:00, $53.96,31087650, $53.7, $54.34, $53.55
2016-07-15 00:00:00, $53.7,31986450, $53.95, $54, $53.21
2016-07-14 00:00:00, $53.74,24535370, $53.84, $53.99, $53.58
2016-07-13 00:00:00, $53.51,25334860, $53.56, $53.86, $53.18
2016-07-12 00:00:00, $53.21,27312600, $52.94, $53.4, $52.785
2016-07-11 00:00:00, $52.59,21894550, $52.5, $52.83, $52.47
2016-07-08 00:00:00, $52.3,28390820, $51.73, $52.36, $51.55
2016-07-07 00:00:00, $51.38,19582210, $51.42, $51.61, $51.07
2016-07-06 00:00:00, $51.38,28165990, $50.78, $51.54, $50.39
2016-07-05 00:00:00, $51.17,24781550, $50.83, $51.28, $50.74
2016-07-01 00:00:00, $51.16,21398770, $51.13, $51.72, $51.07
2016-06-30 00:00:00, $51.17,28524020, $50.72, $51.3, $50.5
2016-06-29 00:00:00, $50.54,31287260, $49.91, $50.72, $49.8
2016-06-28 00:00:00, $49.44,38132040, $48.92, $49.47, $48.67
2016-06-27 00:00:00, $48.43,50308070, $49.1, $49.1466, $48.035
2016-06-24 00:00:00, $49.83,133456500, $49.81, $50.94, $49.52
2016-06-23 00:00:00, $51.91,28960330, $51.28, $52.06, $51.15
2016-06-22 00:00:00, $50.99,28801660, $51.08, $51.46, $50.9525
2016-06-21 00:00:00, $51.19,34075570, $50.2, $51.43, $50.16
2016-06-20 00:00:00, $50.07,35597220, $50.64, $50.83, $50.03
2016-06-17 00:00:00, $50.13,45675100, $50.41, $50.43, $49.82
2016-06-16 00:00:00, $50.39,31104460, $49.52, $50.47, $49.5068
2016-06-15 00:00:00, $49.69,33718830, $49.78, $50.12, $49.69
2016-06-14 00:00:00, $49.83,42568290, $49.9, $50.1, $49.57
2016-06-13 00:00:00, $50.14,83206230, $49.58, $50.715, $49.06
2016-06-10 00:00:00, $51.48,25833020, $51.05, $52.05, $51.04
2016-06-09 00:00:00, $51.62,20303990, $52, $52, $51.49
2016-06-08 00:00:00, $52.04,21127190, $52.02, $52.44, $51.87
2016-06-07 00:00:00, $52.1,20798030, $52.24, $52.73, $52.1
2016-06-06 00:00:00, $52.13,18137760, $51.99, $52.35, $51.89
2016-06-03 00:00:00, $51.79,23254530, $52.38, $52.42, $51.6
2016-06-02 00:00:00, $52.48,22682220, $52.64, $52.74, $51.835
2016-06-01 00:00:00, $52.85,25104350, $52.44, $52.95, $52.44
2016-05-31 00:00:00, $53,37461550, $52.26, $53, $52.08
2016-05-27 00:00:00, $52.32,17671620, $51.92, $52.32, $51.77
2016-05-26 00:00:00, $51.89,24308620, $51.93, $51.9793, $51.36
2016-05-25 00:00:00, $52.12,24176970, $51.92, $52.49, $51.79
2016-05-24 00:00:00, $51.59,34726410, $50.7, $51.71, $50.4
2016-05-23 00:00:00, $50.03,26110160, $50.6, $50.68, $49.98
2016-05-20 00:00:00, $50.62,23770620, $50.48, $51.22, $50.4
2016-05-19 00:00:00, $50.32,23784750, $50.47, $50.62, $49.82
2016-05-18 00:00:00, $50.81,24861480, $50.48, $51.14, $50.3
2016-05-17 00:00:00, $50.51,27790370, $51.72, $51.73, $50.36
2016-05-16 00:00:00, $51.83,19962750, $50.8, $51.96, $50.75
2016-05-13 00:00:00, $51.08,22439560, $51.44, $51.895, $51.04
2016-05-12 00:00:00, $51.51,24101640, $51.2, $51.81, $50.92
2016-05-11 00:00:00, $51.05,24026140, $51.13, $51.78, $51
2016-05-10 00:00:00, $51.02,22871860, $50.33, $51.1, $50.19
2016-05-09 00:00:00, $50.07,17883360, $50.49, $50.585, $50
2016-05-06 00:00:00, $50.39,24772020, $49.92, $50.39, $49.66
2016-05-05 00:00:00, $49.94,25386690, $49.87, $50.3, $49.73
2016-05-04 00:00:00, $49.87,24249670, $49.84, $50.06, $49.46
2016-05-03 00:00:00, $49.78,26445230, $50.34, $50.41, $49.6
2016-05-02 00:00:00, $50.61,33105170, $50, $50.75, $49.7799
2016-04-29 00:00:00, $49.87,48391580, $49.35, $50.25, $49.35
2016-04-28 00:00:00, $49.9,43108350, $50.62, $50.77, $49.56
2016-04-27 00:00:00, $50.94,43301480, $51.48, $51.5, $50.55
2016-04-26 00:00:00, $51.44,33513780, $52.26, $52.35, $51.09
2016-04-25 00:00:00, $52.11,33124870, $51.78, $52.13, $51.63
2016-04-22 00:00:00, $51.78,126793100, $51.91, $52.4297, $50.77
2016-04-21 00:00:00, $55.78,38182900, $55.8, $56.23, $55.415
2016-04-20 00:00:00, $55.59,36169280, $56.29, $56.5, $55.485
2016-04-19 00:00:00, $56.39,29566220, $56.63, $56.77, $55.68
2016-04-18 00:00:00, $56.46,23758570, $55.49, $56.59, $55.21
2016-04-15 00:00:00, $55.65,28462970, $55.3, $55.92, $55.11
2016-04-14 00:00:00, $55.36,20875260, $55.22, $55.575, $55.07
2016-04-13 00:00:00, $55.35,20813640, $55.12, $55.4375, $54.89
2016-04-12 00:00:00, $54.65,24874410, $54.37, $54.78, $53.76
2016-04-11 00:00:00, $54.31,21400400, $54.49, $55.15, $54.3
2016-04-08 00:00:00, $54.42,22159630, $54.67, $55.28, $54.32
2016-04-07 00:00:00, $54.46,19221270, $54.87, $54.91, $54.23
2016-04-06 00:00:00, $55.12,21072150, $54.36, $55.2, $54.21
2016-04-05 00:00:00, $54.56,19261620, $55.19, $55.3, $54.46
2016-04-04 00:00:00, $55.43,18908300, $55.43, $55.66, $55
2016-04-01 00:00:00, $55.57,24383590, $55.05, $55.61, $54.57
2016-03-31 00:00:00, $55.23,26353570, $54.95, $55.59, $54.86
2016-03-30 00:00:00, $55.05,22992090, $54.93, $55.64, $54.9
2016-03-29 00:00:00, $54.71,23913950, $53.66, $54.86, $53.45
2016-03-28 00:00:00, $53.54,17018120, $54.21, $54.29, $53.33
2016-03-24 00:00:00, $54.21,18967510, $53.84, $54.33, $53.73
2016-03-23 00:00:00, $53.97,20123800, $54.11, $54.24, $53.74
2016-03-22 00:00:00, $54.07,23105140, $53.61, $54.25, $53.46
2016-03-21 00:00:00, $53.86,23920160, $53.25, $53.9298, $52.93
2016-03-18 00:00:00, $53.49,67622520, $54.92, $54.97, $53.445
2016-03-17 00:00:00, $54.66,28193010, $54.21, $55, $54
2016-03-16 00:00:00, $54.35,31679130, $53.45, $54.6, $53.4
2016-03-15 00:00:00, $53.59,21011480, $52.75, $53.59, $52.74
2016-03-14 00:00:00, $53.17,24079770, $52.71, $53.59, $52.63
2016-03-11 00:00:00, $53.07,32267360, $53, $53.07, $52.38
2016-03-10 00:00:00, $52.05,38385600, $52.93, $52.94, $51.16
2016-03-09 00:00:00, $52.84,28238270, $51.89, $52.85, $51.855
2016-03-08 00:00:00, $51.65,33822940, $50.8, $52.13, $50.595
2016-03-07 00:00:00, $51.03,38426220, $51.56, $51.8, $50.58
2016-03-04 00:00:00, $52.03,33033010, $52.4, $52.45, $51.71
2016-03-03 00:00:00, $52.35,24423260, $52.97, $52.97, $51.78
2016-03-02 00:00:00, $52.95,29269240, $52.41, $52.96, $52.155
2016-03-01 00:00:00, $52.58,32999880, $50.97, $52.59, $50.9199
2016-02-29 00:00:00, $50.88,31632160, $51.35, $51.65, $50.66
2016-02-26 00:00:00, $51.3,35945290, $52.6, $52.68, $51.1
2016-02-25 00:00:00, $52.1,26906570, $51.73, $52.1, $50.61
2016-02-24 00:00:00, $51.36,32918630, $50.69, $51.5, $50.2
2016-02-23 00:00:00, $51.18,28866480, $52.34, $52.37, $50.98
2016-02-22 00:00:00, $52.65,24992030, $52.28, $53, $52.28
2016-02-19 00:00:00, $51.82,33531580, $51.97, $52.28, $51.53
2016-02-18 00:00:00, $52.19,27016950, $52.33, $52.95, $52.1
2016-02-17 00:00:00, $52.42,40779580, $51.49, $52.77, $51.45
2016-02-16 00:00:00, $51.09,36460400, $50.9, $51.09, $50.13
2016-02-12 00:00:00, $50.5,34216160, $50.25, $50.68, $49.75
2016-02-11 00:00:00, $49.69,48855890, $48.68, $50.11, $48.51
2016-02-10 00:00:00, $49.71,38220450, $49.89, $50.39, $49.52
2016-02-09 00:00:00, $49.28,46589450, $49.02, $50.24, $48.67
2016-02-08 00:00:00, $49.41,58393070, $49.55, $49.57, $48.19
2016-02-05 00:00:00, $50.16,61262540, $51.94, $52, $49.56
2016-02-04 00:00:00, $52,46967100, $52.1, $52.81, $51.37
2016-02-03 00:00:00, $52.16,57526850, $53.25, $53.39, $51.26
2016-02-02 00:00:00, $53,55388320, $54.17, $54.26, $52.65
2016-02-01 00:00:00, $54.71,44172930, $54.88, $55.09, $54.495
2016-01-29 00:00:00, $55.09,83559310, $54.73, $55.09, $54
2016-01-28 00:00:00, $52.055,61275100, $51.86, $52.21, $51.25
2016-01-27 00:00:00, $51.22,36647310, $52.01, $52.2, $51.0201
2016-01-26 00:00:00, $52.17,28768620, $51.79, $52.44, $51.55
2016-01-25 00:00:00, $51.79,34654900, $51.94, $52.65, $51.65
2016-01-22 00:00:00, $52.29,36881330, $51.41, $52.33, $51.26
2016-01-21 00:00:00, $50.48,40172530, $51, $51.58, $50.3
2016-01-20 00:00:00, $50.79,63249630, $49.98, $51.38, $49.1
2016-01-19 00:00:00, $50.56,43484630, $51.48, $51.68, $50.06
2016-01-15 00:00:00, $50.99,71037400, $51.31, $51.97, $50.34
2016-01-14 00:00:00, $53.11,52227000, $52, $53.4163, $51.57
2016-01-13 00:00:00, $51.64,66862860, $53.8, $54.07, $51.3038
2016-01-12 00:00:00, $52.78,36061760, $52.76, $53.1, $52.06
2016-01-11 00:00:00, $52.3,36889200, $52.51, $52.85, $51.46
2016-01-08 00:00:00, $52.33,48718970, $52.37, $53.28, $52.15
2016-01-07 00:00:00, $52.17,56497950, $52.7, $53.485, $52.07
2016-01-06 00:00:00, $54.05,39498780, $54.32, $54.4001, $53.64
2016-01-05 00:00:00, $55.05,34059040, $54.93, $55.39, $54.54
2016-01-04 00:00:00, $54.8,53209740, $54.32, $54.8, $53.39
2015-12-31 00:00:00, $55.48,27329930, $56.04, $56.19, $55.42
2015-12-30 00:00:00, $56.31,21690270, $56.47, $56.78, $56.2875
2015-12-29 00:00:00, $56.55,27727810, $56.29, $56.85, $56.06
2015-12-28 00:00:00, $55.95,21704030, $55.35, $55.95, $54.98
2015-12-24 00:00:00, $55.67,9570002, $55.86, $55.96, $55.43
2015-12-23 00:00:00, $55.82,27269200, $55.7, $55.88, $55.44
